ID,Brand,Country,Ad,First.Run,URL,Launch/Pre,ABX.ID,Campaign.Flight.1,Campaign.Flight.2,Campaign.Flight.3,People,Female,Male,Female.Celebrity,Male.Celebrity,Child,Teen,Elderly,Multiple.Ethnicities,Ethnic.Minority,Disability.Representation,Animal,Dog,Cat,Prominent.Animal,Voiceover,Female.Voiceover,Male.Voiceover,Amazon'.in.Voiceover,Products,Prominent.Music,Pop.Culture.Music,Jingle.Appearance,Dancing,Parent-Child.Interation,Dialogue,Animated,Humor,High-arousal.Happiness,Low-arousal.Happiness,Sadness,Prominent.Amazon.Logo,Number.of.Amazon.Logo.Appearance,Smile.Logo,Amazon.Brands,Non-Amazon.Brands,Amazon.App,Amazon.Website,Amazon.Search.Bar,Amazon.Boxes,Amazon.Box.Opening,Amazon.Vans,Amazon.Employee,Amaon.Devices,Start.card,End.card,Number.of.Benefits,Selection.Benefit,Shipping.Benefit,Price.Information,Amazon.Saves.the.Day,Call.to.Action,Disadvantaged,Meaning,Transformation,Mastery,Belonging,Autonomy,Awe,Mix,Benefits,Brand,Clear.Brand,Message.Delivery,Clear,Understood,Reputation,Relevant,See.Again,Like,Dislike,Purchase,Recommend,Branding.Correct.Recall
1,Amazon,Germany,Date Night DE 30,2020-01-13,https://abx.ocucom.com/apps/MediaPlayer/1.3.5/www/?adkey=PTK-1.0-LgNjF8MhtedEEPkGwAee4F71l8%2BdvbmOnvRJJCI%3D-BWNgeotDippo8N5K8af4JQ%3D%3D,Launch,7391804,DE EP Best Friend Q1'20,DE EP Joy Delivered Q1'21,,1,1,0,0,0,0,0,0,0,0,0,1,1,0,1,1,0,1,1,1,1,1,0,0,0,0,0,0,0,1,0,1,1,1,1,0,0,0,0,0,0,0,0,1,0,1,2,0,0,0,0,0,0,0,0,0,1,0,0,0,1,1,0.90 ,0.67 ,0.75 ,0.80 ,0.30 ,0.61 ,0.59 ,0.50 ,0.11 ,0.11 ,0.12 ,0.00 
2,Amazon,Germany,"Low prices - skipping ropes, hand towels & blenders",2020-01-27,https://abx.ocucom.com/apps/MediaPlayer/1.3.5/www/?adkey=PTK-1.0-rbyFqIATHECVxhAUJ2w8maeIwscmhRjdvIMwpCA%3D-TEIux3QKpMaX35uyZo8ozQ%3D%3D,Launch,7561429,DE Fundamentals Q1'20,,,1,1,1,0,0,1,0,0,0,0,0,1,1,0,0,1,0,1,1,1,1,0,0,0,0,0,0,1,1,1,0,0,2,1,0,0,0,0,0,1,0,0,0,0,0,1,1,0,0,0,1,0,0,0,1,0,0,0,0,0,0,1,0.85 ,0.58 ,0.61 ,0.69 ,0.27 ,0.54 ,0.52 ,0.40 ,0.21 ,0.23 ,0.09 ,0.23 
5,Amazon,United States,AT AMAZON WE'RE PRETTY GOOD AT GETTING THINGS DONE,2020-04-16,https://abx.ocucom.com/apps/MediaPlayer/1.3.5/www/?adkey=PTK-1.0-6Z5nR8N%2BkMcKVuwWj45zow41xb5HmUwyOkOvP0Q%3D-Jd978EkK6yoj4F9q1S2m0g%3D%3D,Launch,7837759,US_this is amazon_2020Q2,,,1,0,1,0,1,0,0,0,0,0,0,0,0,0,0,1,1,0,0,1,1,0,0,0,0,0,0,0,0,0,0,0,2,1,1,0,0,0,0,0,0,0,0,0,0,0,2,1,0,0,0,0,0,0,0,0,0,0,0,0,1,1,0.95 ,0.85 ,0.87 ,0.95 ,0.55 ,0.81 ,0.69 ,0.67 ,0.02 ,0.27 ,0.24 ,0.41 
7,Amazon Corporate,United Kingdom,Amazon Safety 30 UK,2020-04-22,https://abx.ocucom.com/apps/MediaPlayer/1.3.5/www/?adkey=PTK-1.0-Qs8QNMP54O7tinvsYAIduqRdLtbGHFVxW4gJpBU%3D-kqkx0HLnhIT4kn3Rjwtp7Q%3D%3D,Launch,7851853,UK_this is amazon_2020Q2,,,1,1,1,0,0,0,0,0,1,1,0,0,0,0,0,1,0,1,1,1,1,0,0,0,0,0,0,0,0,1,0,0,4,1,0,0,0,0,0,1,0,0,1,0,1,1,1,0,1,0,0,0,0,1,0,0,1,0,0,0,1,1,0.94 ,0.80 ,0.82 ,0.88 ,0.57 ,0.77 ,0.59 ,0.58 ,0.07 ,0.24 ,0.16 ,0.48 
9,Amazon Corporate,United States,(TEXT) WE DON'T JUST THINK BIG WE DO BIG WE'VE,2020-05-13,https://abx.ocucom.com/apps/MediaPlayer/1.3.5/www/?adkey=PTK-1.0-0FzoWrSnqXvvgr9tWywX1CpxnOSF869wjG3E3BU%3D-0y8PBp92KLc2K%2B2XVKDsAw%3D%3D,Launch,7925617,US_this is amazon_2020Q2,,,0,0,0,0,0,0,0,0,0,0,0,0,0,0,0,0,0,0,0,0,0,0,0,0,0,0,0,0,0,0,0,1,1,1,0,0,0,0,0,0,0,1,0,0,0,0,0,0,0,0,0,0,0,1,0,0,0,0,0,1,1,1,0.81 ,0.74 ,0.75 ,0.83 ,0.48 ,0.68 ,0.63 ,0.54 ,0.04 ,0.28 ,0.15 ,0.42 
10,Amazon Corporate,United States,I'M KEN POHLMANN I'M AN AREA MANAGER FOR DELIVERY,2020-05-22,https://abx.ocucom.com/apps/MediaPlayer/1.3.5/www/?adkey=PTK-1.0-HlqToIdPPgxTo5wvGoly7xdb9%2FQrite3m6CkTFI%3D-1%2FonRXZPF%2FMbxUnE2%2FlIsw%3D%3D,Launch,7952690,US_this is amazon_2020Q2,,,1,1,1,0,0,1,0,1,0,0,0,0,0,0,0,1,0,1,1,1,1,0,0,0,1,0,0,0,0,1,0,0,6,1,0,0,0,0,0,1,0,1,1,0,1,1,0,0,0,0,0,0,0,1,0,0,1,0,0,1,1,1,0.99 ,0.82 ,0.84 ,0.89 ,0.58 ,0.83 ,0.70 ,0.68 ,0.05 ,0.23 ,0.22 ,0.42 
11,Amazon Corporate,United States,MY NAME IS OSCAR AND I DELIVER PACKAGES FOR AMAZON,2020-05-24,https://abx.ocucom.com/apps/MediaPlayer/1.3.5/www/?adkey=PTK-1.0-IXSZcvyVzmyIiqTpsqbfezFOLZ%2F8e3NZKttZx9Q%3D-EqJfHcK4Smj1mqQ6lIv9ow%3D%3D,Launch,7956795,US_this is amazon_2020Q2,,,1,0,1,0,0,1,0,0,0,1,0,0,0,0,0,1,0,1,1,1,1,0,0,0,1,0,0,0,0,1,0,0,4,1,0,0,0,0,0,1,0,1,1,0,0,1,0,0,0,0,0,0,0,1,1,0,1,0,0,0,1,1,0.95 ,0.77 ,0.81 ,0.85 ,0.41 ,0.75 ,0.59 ,0.54 ,0.03 ,0.17 ,0.19 ,0.33 
12,Amazon Corporate,United States,Oscar 60,2020-05-29,https://abx.ocucom.com/apps/MediaPlayer/1.3.5/www/?adkey=PTK-1.0-cDnZcquFnnUEaeLEu0Nu0SP7HCXaB1W5CpOQ3iU%3D-nhComZtCy2RVGoqWfnm5Ig%3D%3D,Launch,7970916,US_this is amazon_2020Q2,,,1,0,1,0,0,0,0,0,1,1,0,0,0,0,0,1,0,1,1,1,1,0,1,0,0,0,0,0,0,1,0,1,4,1,0,0,0,0,0,1,0,1,1,0,0,1,0,0,0,0,0,0,1,1,1,0,1,0,1,1,0,1,0.96 ,0.85 ,0.87 ,0.95 ,0.60 ,0.81 ,0.74 ,0.65 ,0.03 ,0.25 ,0.24 ,0.35 
13,Amazon Corporate,United States,Kent 30,2020-05-29,https://abx.ocucom.com/apps/MediaPlayer/1.3.5/www/?adkey=PTK-1.0-syFco%2FsYu%2B%2FOe0PidZz5qs9%2FaMShovbVaTVnJ5g%3D-71FXS9cWW7y27z9jx13jlg%3D%3D,Launch,7970917,US_this is amazon_2020Q2,,,1,1,1,0,0,1,0,1,0,0,0,0,0,0,0,1,0,1,1,1,1,0,0,0,1,0,0,0,0,1,0,0,5,1,0,0,0,0,0,1,0,1,1,0,1,1,0,0,0,0,1,0,0,1,0,0,1,0,0,1,1,0,0.94 ,0.80 ,0.82 ,0.87 ,0.41 ,0.77 ,0.71 ,0.58 ,0.07 ,0.23 ,0.13 ,0.37 
14,Amazon Corporate,United States,Christine 30,2020-05-29,https://abx.ocucom.com/apps/MediaPlayer/1.3.5/www/?adkey=PTK-1.0-Rrt8NF%2FQCxly%2F2Pf8SBhMVeI%2BBvCm6JoJzIbtt0%3D-f6C6kbovlBLyD9xALPkA2w%3D%3D,Launch,7970918,US_this is amazon_2020Q2,,,1,1,1,0,0,1,0,0,1,1,0,0,0,0,0,1,1,0,1,0,1,0,0,0,1,0,0,0,0,1,0,0,3,1,0,0,0,0,0,1,0,0,1,0,1,1,0,0,0,0,0,0,1,1,0,0,1,0,0,1,0,1,0.94 ,0.71 ,0.73 ,0.84 ,0.45 ,0.69 ,0.59 ,0.51 ,0.07 ,0.19 ,0.15 ,0.36 
15,Amazon Corporate,United States,Christine 60,2020-05-29,https://abx.ocucom.com/apps/MediaPlayer/1.3.5/www/?adkey=PTK-1.0-laGjAs77OBAVtYHzMp7QSg5veqLhhqyZhOUlOpI%3D-XXSQJGEsOW4AVaqWKG4miw%3D%3D,Launch,7970919,US_this is amazon_2020Q2,,,1,1,1,0,0,1,0,0,0,1,0,0,0,0,0,1,1,0,1,0,1,0,0,0,1,0,0,0,0,1,0,0,3,1,0,0,0,0,0,1,0,0,1,0,1,1,0,0,0,0,0,0,1,1,0,0,1,0,0,1,0,1,0.93 ,0.75 ,0.76 ,0.81 ,0.47 ,0.68 ,0.65 ,0.61 ,0.04 ,0.20 ,0.23 ,0.38 
16,Amazon Corporate,United States,Janelle 30,2020-05-29,https://abx.ocucom.com/apps/MediaPlayer/1.3.5/www/?adkey=PTK-1.0-D0rMJc9XCMMyvxfLroLBI18MVpWfCeY1RHATHwI%3D-%2FhoqFojdpSuMSoVwNdQroQ%3D%3D,Launch,7970920,US_this is amazon_2020Q2,,,1,1,1,0,0,1,0,0,1,0,0,0,0,0,0,1,1,0,1,1,1,0,0,0,0,0,0,1,1,1,0,0,3,1,0,0,0,0,0,1,1,0,1,0,1,1,0,0,0,0,0,0,0,0,0,0,1,0,0,0,0,1,0.95 ,0.75 ,0.77 ,0.83 ,0.44 ,0.73 ,0.63 ,0.59 ,0.07 ,0.30 ,0.18 ,0.37 
17,Amazon Corporate,United States,Janelle 60,2020-05-29,https://abx.ocucom.com/apps/MediaPlayer/1.3.5/www/?adkey=PTK-1.0-JR2SaOXckDAUAUcklZZ9uhMS2wXnG0%2B6Oa669y0%3D-wkdBBnw9QGyjzGmQYCk5xQ%3D%3D,Launch,7977550,US_this is amazon_2020Q2,,,1,1,1,0,0,1,0,0,1,1,0,0,0,0,0,1,0,0,1,1,1,0,0,0,0,0,0,1,1,1,0,0,6,1,0,0,0,0,0,1,1,0,1,0,1,1,0,0,0,0,0,0,0,1,0,0,1,0,0,1,0,1,0.96 ,0.83 ,0.85 ,0.85 ,0.50 ,0.81 ,0.68 ,0.64 ,0.05 ,0.31 ,0.16 ,0.54 
18,Amazon Corporate,United States,Ricardo 30,2020-05-29,https://abx.ocucom.com/apps/MediaPlayer/1.3.5/www/?adkey=PTK-1.0-frrOf1mtHMc56JgaDgmOFdtRu6bqJY1ZPsvglnI%3D-Y6jnMoYlEqWT%2BdvJO7RRcg%3D%3D,Launch,7977551,US_this is amazon_2020Q2,,,1,1,1,0,0,1,0,0,0,1,1,0,0,0,0,0,0,0,0,0,1,0,0,0,1,0,0,0,0,1,0,0,4,1,0,0,0,0,0,1,0,0,1,0,1,1,0,0,0,0,0,0,1,1,1,0,1,1,0,1,0,1,0.92 ,0.70 ,0.73 ,0.82 ,0.42 ,0.67 ,0.65 ,0.60 ,0.05 ,0.17 ,0.15 ,0.38 
19,Amazon Corporate,United States,Ricardo 60,2020-05-29,https://abx.ocucom.com/apps/MediaPlayer/1.3.5/www/?adkey=PTK-1.0-JfJLhfjltnIFoD7VtQoW5i3brjJayWJmUNs%2F4I8%3D-K8xBY8o7jJevjSkVS2hhEA%3D%3D,Launch,7977552,US_this is amazon_2020Q2,,,1,1,1,0,0,1,0,0,0,1,1,0,0,0,0,0,0,0,0,0,1,0,0,0,1,0,0,0,0,1,0,0,2,1,0,0,0,0,0,1,0,1,1,0,0,1,0,0,0,0,0,0,1,1,0,0,1,0,0,1,0,0,0.95 ,0.80 ,0.82 ,0.89 ,0.54 ,0.79 ,0.75 ,0.67 ,0.01 ,0.23 ,0.17 ,0.45 
90,Amazon Alexa,Germany,Our language is great,2020-10-26,https://abx.ocucom.com/apps/MediaPlayer/1.3.5/www/?adkey=PTK-1.0-X3l81%2FR5fmxirLXhZy7wlsruvKo7pg9NpW1mQyI%3D-5mYRxp0G7FCCKZh65EL5hw%3D%3D,Launch,8015938,DE_ode to german_2020Q4,,,1,1,1,0,0,0,0,1,1,1,0,0,0,0,0,1,0,1,1,1,1,1,0,1,0,0,0,0,1,1,0,0,1,1,1,0,0,0,0,0,0,0,0,1,0,1,5,0,0,0,1,0,0,0,0,0,0,1,0,0,1,0,0.83 ,0.48 ,0.53 ,0.59 ,0.18 ,0.39 ,0.48 ,0.43 ,0.22 ,0.12 ,0.09 ,0.42 
20,Amazon Echo,Germany,Our language is great,2020-06-08,https://abx.ocucom.com/apps/MediaPlayer/1.3.5/www/?adkey=PTK-1.0-rDmHGbbESjIxQfApSBenvWlzbgjb0u2UckWJeh8%3D-csAQ%2Bq%2FJ50sN6TKLmf0ZIA%3D%3D,Launch,8015938,DE_ode to german_2020Q4,,,1,1,1,0,0,0,0,1,1,1,1,0,0,0,0,1,0,1,1,1,1,1,0,1,0,0,0,1,1,1,0,0,1,1,1,0,0,0,0,0,0,0,0,1,0,1,0,1,0,0,0,1,1,0,0,0,0,1,0,0,1,1,0.83 ,0.48 ,0.53 ,0.59 ,0.18 ,0.39 ,0.48 ,0.43 ,0.22 ,0.12 ,0.09 ,0.42 
25,Amazon Corporate,United Kingdom,Area manager Helen,2020-06-16,https://abx.ocucom.com/apps/MediaPlayer/1.3.5/www/?adkey=PTK-1.0-MVV3CYm0dC99lDXbi8zyfDbpSl3yTQ%2FkfAY%2FKmc%3D-cuKvqMAp3jzD4rply%2FpjmQ%3D%3D,Launch,8029529,UK_this is amazon_2020Q3,,,1,1,1,0,0,1,0,0,1,1,0,0,0,0,0,1,1,0,0,0,1,0,0,0,1,0,0,0,0,1,0,0,2,1,0,0,0,0,0,1,0,0,1,0,0,0,0,0,0,0,0,0,0,1,0,0,0,0,0,1,0,1,0.95 ,0.74 ,0.78 ,0.85 ,0.43 ,0.70 ,0.58 ,0.57 ,0.06 ,0.20 ,0.16 ,0.50 
21,Amazon Corporate,United Kingdom,Area Manager Helen,2020-06-15,https://abx.ocucom.com/apps/MediaPlayer/1.3.5/www/?adkey=PTK-1.0-3IaDlkebYIDMaQQhSnAs9EQGHdlooi%2FkNQ%2BzxZs%3D-D%2Frie7Vz2bY13tGFozS85g%3D%3D,Launch,8029529,UK_this is amazon_2020Q3,,,1,1,0,0,0,1,0,0,0,0,0,0,0,0,0,1,1,0,1,0,1,0,0,0,1,1,0,0,1,1,0,0,5,1,0,0,0,0,0,1,0,0,1,0,1,1,0,0,0,0,0,0,0,1,1,0,1,0,0,0,1,1,0.95 ,0.74 ,0.78 ,0.85 ,0.43 ,0.70 ,0.58 ,0.57 ,0.06 ,0.20 ,0.16 ,0.50 
23,Amazon Corporate,United Kingdom,Delivery associate Jamie,2020-06-16,https://abx.ocucom.com/apps/MediaPlayer/1.3.5/www/?adkey=PTK-1.0-JpGNsS%2F2fy6aFFUtt05qIxKM%2Bmy4%2B%2B3OJoPSILE%3D-9XC%2F9qNMMP%2BgETOoeFe6PA%3D%3D,Launch,8032979,UK_this is amazon_2020Q3,,,1,0,1,0,0,0,0,0,0,0,0,0,0,0,0,1,0,1,1,1,1,0,0,0,0,0,0,0,0,0,0,0,5,1,1,0,0,0,0,1,0,1,1,0,0,1,0,0,0,0,0,0,0,1,0,0,0,0,0,0,1,1,0.98 ,0.68 ,0.71 ,0.77 ,0.43 ,0.66 ,0.56 ,0.44 ,0.10 ,0.14 ,0.15 ,0.38 
27,Amazon Corporate,United Kingdom,Operations supervisor Kev,2020-06-16,https://abx.ocucom.com/apps/MediaPlayer/1.3.5/www/?adkey=PTK-1.0-HTZMli7Hpqzwm3zeeuXfLdqHmZ8jnbXnBDbq9XE%3D-BFx9fXdIZVi%2FZFsoY5DTnQ%3D%3D,Launch,8032997,UK_this is amazon_2020Q3,,,1,1,1,0,0,0,0,0,0,0,0,0,0,0,0,1,0,0,1,0,1,0,0,0,0,0,0,0,0,1,0,0,4,1,0,0,0,0,0,1,0,0,1,0,1,1,0,0,0,0,0,0,0,1,0,0,1,0,0,0,0,1,0.92 ,0.72 ,0.75 ,0.82 ,0.41 ,0.66 ,0.57 ,0.47 ,0.08 ,0.12 ,0.10 ,0.39 
29,Amazon Corporate,United Kingdom,Associate Melvin,2020-07-06,https://abx.ocucom.com/apps/MediaPlayer/1.3.5/www/?adkey=PTK-1.0-MG5vQQY3livJvP26zbKO%2B2BHLEY46H1SUOFcvn4%3D-u4kk3c8xXEXCSZlqdlRGbQ%3D%3D,Launch,8153784,UK_this is amazon_2020Q3,,,1,0,1,0,0,0,0,0,1,1,0,0,0,0,0,1,0,0,1,0,1,0,0,0,0,0,0,0,0,1,0,0,4,1,0,0,0,0,0,1,0,0,1,0,1,1,0,0,0,0,0,0,1,1,0,1,1,0,0,1,0,1,0.85 ,0.52 ,0.57 ,0.72 ,0.34 ,0.62 ,0.52 ,0.38 ,0.07 ,0.14 ,0.06 ,0.30 
33,Amazon Corporate,United Kingdom,Associate Melvin,2020-07-15,https://abx.ocucom.com/apps/MediaPlayer/1.3.5/www/?adkey=PTK-1.0-GnQpc24yw29kgHPmWNDcOvNUv%2BWej%2B2sEhbUjXc%3D-igf31ZNd2ApkZQWHjrjZtA%3D%3D,Launch,8153784,UK_this is amazon_2020Q3,,,1,1,1,0,0,0,0,0,1,1,0,0,0,0,0,1,0,1,1,1,1,1,0,0,0,0,0,1,1,0,0,1,5,1,1,0,0,1,0,0,0,0,0,1,1,1,3,1,1,0,0,0,0,0,0,0,0,0,0,1,1,1,0.85 ,0.52 ,0.57 ,0.72 ,0.34 ,0.62 ,0.52 ,0.38 ,0.07 ,0.14 ,0.06 ,0.30 
32,Amazon Prime,United Kingdom,Prime Secret Pleasures UK 30,2020-07-06,https://abx.ocucom.com/apps/MediaPlayer/1.3.5/www/?adkey=PTK-1.0-AdRzstD9Ias9d0Df6LWKTl%2BscgmyT4IWx7CSb4A%3D-UwVbWDoL47W3nHWd%2Bu%2FRhA%3D%3D,Launch,8158961,UK EP Joy Delivered Q3'20,,,1,1,1,0,0,0,0,0,1,1,0,0,0,0,0,1,0,1,1,1,1,1,0,0,0,0,0,0,0,0,0,1,5,1,4,0,0,1,0,0,0,0,0,1,1,1,2,1,1,1,0,0,0,0,0,0,0,0,0,1,1,1,0.95 ,0.68 ,0.74 ,0.77 ,0.28 ,0.63 ,0.63 ,0.46 ,0.07 ,0.19 ,0.13 ,0.58 
31,Amazon Prime,Germany,Prime Secret Pleasures DE 30,2020-07-06,https://abx.ocucom.com/apps/MediaPlayer/1.3.5/www/?adkey=PTK-1.0-tnK%2BhKCtXyYIvu%2B3S30Kt6L%2B8Kaa1QqqXyjMHgw%3D-kB%2BTBq190EF%2FH8%2BIsQKmmw%3D%3D,Launch,8158963,DE EP Joy Delivered Q3'20,,,1,1,1,0,0,1,0,1,1,1,0,0,0,0,0,1,0,1,1,0,1,0,0,0,0,0,0,1,1,1,0,0,2,1,0,0,0,0,0,1,0,0,1,0,0,1,0,0,0,0,0,0,1,1,1,0,1,1,0,1,0,0,0.93 ,0.61 ,0.65 ,0.72 ,0.26 ,0.64 ,0.61 ,0.45 ,0.08 ,0.19 ,0.14 ,0.46 
36,Amazon Corporate,United Kingdom,Trainee Fati,2020-07-20,https://abx.ocucom.com/apps/MediaPlayer/1.3.5/www/?adkey=PTK-1.0-zbate7kJwOs3Ef3RFLe1UkFBoy9sBU3qklpGomk%3D-qSfTS51rj%2BYq%2FgK%2FmTrv8g%3D%3D,Launch,8212674,UK_this is amazon_2020Q3,,,1,1,0,0,0,0,0,0,0,1,0,0,0,0,0,1,0,0,1,0,1,0,0,0,0,0,0,0,0,1,0,0,2,1,0,0,0,0,0,1,0,0,1,0,1,1,0,0,0,0,0,0,1,0,0,0,1,1,0,0,0,1,0.91 ,0.56 ,0.64 ,0.68 ,0.26 ,0.57 ,0.48 ,0.41 ,0.05 ,0.11 ,0.14 ,0.41 
35,Amazon Alexa,United Kingdom,Amazon Alexa Music TV 30,2020-07-20,https://abx.ocucom.com/apps/MediaPlayer/1.3.5/www/?adkey=PTK-1.0-O4ucf2zO25PmGhjhJeS1tcwiOjs422kW%2FOFW36o%3D-4fUrx%2BAdkGgT%2F362NtTo5A%3D%3D,Launch,8221872,UK_UNLOCK_WORLD_WITH_VOICE_2020Q3,,,1,1,1,0,0,0,0,1,0,0,0,0,0,0,0,1,1,0,0,1,1,1,0,0,0,1,0,1,1,1,1,0,1,1,1,0,0,0,0,0,0,0,0,1,0,1,1,0,0,0,0,0,0,0,0,0,0,1,0,0,1,1,0.84 ,0.52 ,0.58 ,0.71 ,0.20 ,0.50 ,0.47 ,0.36 ,0.21 ,0.16 ,0.08 ,0.40 
38,Amazon Corporate,Germany,Hatice 30 DE,2020-07-24,https://abx.ocucom.com/apps/MediaPlayer/1.3.5/www/?adkey=PTK-1.0-QBNac60AolMedTG%2BwB9rdeMitoP21c0VoAeWrhw%3D-TnCzIkcd3hyR94x0%2FMZZxQ%3D%3D,Launch,8240532,DE_this is amazon_2020Q3,,,1,1,1,0,0,0,0,0,1,1,0,0,0,0,0,1,1,0,1,0,1,0,0,0,0,0,0,0,0,1,0,0,2,1,0,0,0,0,0,0,0,0,1,0,1,1,0,1,0,0,0,0,1,1,1,0,1,1,0,1,0,1,0.95 ,0.56 ,0.58 ,0.73 ,0.30 ,0.52 ,0.52 ,0.42 ,0.08 ,0.18 ,0.13 ,0.25 
40,Amazon Corporate,Germany,Oliver 30 DE,2020-07-24,https://abx.ocucom.com/apps/MediaPlayer/1.3.5/www/?adkey=PTK-1.0-%2BuFHKu1VBc8ADNRgXV7mWTKGn5lvwMOV7Fofuo8%3D-6CayidSsiDV8ADJ4O8XX4Q%3D%3D,Launch,8240533,DE_this is amazon_2020Q3,,,1,0,1,0,0,0,0,0,0,0,1,0,0,0,0,0,0,0,0,1,1,0,0,0,0,0,0,0,0,1,0,0,2,1,0,0,0,0,0,1,0,1,1,0,1,1,0,1,0,0,0,0,1,0,1,0,1,1,0,1,1,1,0.92 ,0.60 ,0.62 ,0.75 ,0.38 ,0.61 ,0.60 ,0.53 ,0.06 ,0.18 ,0.15 ,0.30 
42,Amazon Corporate,Germany,Oliver 60 DE,2020-07-24,https://abx.ocucom.com/apps/MediaPlayer/1.3.5/www/?adkey=PTK-1.0-s7%2F1BEfZZilOTpo6w6TDaX%2BHx9iIPtUGW6UHgG0%3D-KIGMwDhsRDewrF081hSADw%3D%3D,Launch,8240534,DE_this is amazon_2020Q3,,,1,1,1,0,0,0,0,0,0,0,1,0,0,0,0,0,0,0,0,0,1,0,0,0,0,0,0,0,0,1,0,0,3,1,0,0,0,0,0,1,0,1,1,0,1,1,0,0,0,0,0,0,1,0,1,0,0,1,0,1,0,0,0.95 ,0.54 ,0.57 ,0.78 ,0.50 ,0.62 ,0.61 ,0.53 ,0.04 ,0.16 ,0.20 ,0.35 
46,Amazon,United States,THIS YEAR WE'RE GOING TO SOLVE QUADRATIC EQUATIONS,2020-07-27,https://abx.ocucom.com/apps/MediaPlayer/1.3.5/www/?adkey=PTK-1.0-KSaTaTsxs2dVhs5XGsAi9%2FT9unyWnTTYgt8pS4w%3D-deI%2Fcs14C4xfcexRe8OTOA%3D%3D,Launch,8243478,US_back to school 2020_2020Q3,,,1,1,1,0,0,1,0,0,1,1,0,0,0,0,0,1,0,0,0,1,0,0,0,0,1,0,0,0,1,1,0,1,4,1,0,0,0,0,1,0,0,0,0,0,0,1,0,0,0,1,0,0,0,0,1,0,0,1,0,0,1,1,0.95 ,0.70 ,0.75 ,0.77 ,0.38 ,0.59 ,0.58 ,0.48 ,0.06 ,0.17 ,0.12 ,0.38 
47,Amazon,United States,THIS YEAR I'M GOING TO TEACH MY CLASS ABOUT,2020-07-27,https://abx.ocucom.com/apps/MediaPlayer/1.3.5/www/?adkey=PTK-1.0-QQcTNDROW9ng63lvbRSwBfKhDUuiPzjacOJIwjM%3D-6YD9G9lmuXP94mgp5Pd4pw%3D%3D,Launch,8243479,US_back to school 2020_2020Q3,,,1,1,1,0,0,0,0,0,1,1,0,0,0,0,0,1,1,0,1,1,1,0,0,0,0,0,0,1,0,1,0,0,2,1,0,0,0,0,0,0,0,0,1,0,1,1,1,0,0,0,0,0,0,1,1,0,1,1,0,1,0,1,0.91 ,0.71 ,0.73 ,0.82 ,0.40 ,0.63 ,0.66 ,0.54 ,0.07 ,0.15 ,0.12 ,0.34 
44,Amazon Corporate,France,Lea 30 FR,2020-07-24,https://abx.ocucom.com/apps/MediaPlayer/1.3.5/www/?adkey=PTK-1.0-j01elC63t1e0SAjszfnscPSCIwOILHgA2Y%2FfLuY%3D-JTqkqQqn48Q2m4EJ6Tq2bw%3D%3D,Launch,8243776,FR_this is amazon_2020Q4,FR_this is amazon_2020Q4,,1,1,1,0,0,1,1,0,1,1,0,0,0,0,0,1,0,0,0,1,0,0,0,0,0,0,0,0,1,1,0,1,4,1,1,0,0,0,1,0,0,0,0,0,0,1,1,1,0,0,0,0,0,0,0,0,0,0,0,0,1,1,0.88 ,0.65 ,0.67 ,0.77 ,0.28 ,0.57 ,0.61 ,0.42 ,0.11 ,0.12 ,0.13 ,0.42 
48,Amazon Corporate,Japan,Akio Corporate 30,2020-08-03,https://abx.ocucom.com/apps/MediaPlayer/1.3.5/www/?adkey=PTK-1.0-OIPAl8e9fn5VjXIScVEl1h8d3hExXhtJzSSnpsQ%3D-0rnUKeR2VABjHJ7IRqZImw%3D%3D,Launch,8284573,JP_this is amazon_2020Q3,,,1,1,1,0,0,1,0,0,0,0,0,0,0,0,0,1,0,0,1,1,1,1,0,0,0,0,0,0,0,1,0,0,4,1,5,0,0,1,0,1,0,0,1,1,1,1,0,1,1,0,0,0,0,0,0,0,0,0,0,0,0,1,0.88 ,0.50 ,0.53 ,0.63 ,0.46 ,0.61 ,0.44 ,0.28 ,0.04 ,0.20 ,0.09 ,0.29 
50,Amazon Corporate,Japan,Akio Corporate 60,2020-08-03,https://abx.ocucom.com/apps/MediaPlayer/1.3.5/www/?adkey=PTK-1.0-4w%2FIFHLY43SY4PshYSBr7x1H9CBZ4Ia%2Fbs9yBok%3D-jfMgcKmdNO%2Bmz%2FbJYt9%2BrQ%3D%3D,Launch,8284586,JP_this is amazon_2020Q3,,,1,0,1,0,0,1,0,0,1,1,0,0,0,0,0,1,0,1,1,0,1,0,0,0,1,0,0,0,0,1,0,0,5,1,0,0,0,1,0,1,0,0,1,0,1,1,0,2,0,0,0,0,0,1,0,0,1,0,0,0,0,1,0.88 ,0.58 ,0.63 ,0.69 ,0.43 ,0.63 ,0.45 ,0.34 ,0.12 ,0.20 ,0.10 ,0.34 
52,Amazon Corporate,Japan,Masaru Corporate 30,2020-08-03,https://abx.ocucom.com/apps/MediaPlayer/1.3.5/www/?adkey=PTK-1.0-0E2BhMr82SZvIOjf2O%2Bn3pI8%2FgloTtW9HVzRJnY%3D-eZouwRJr8oTmFImgmC3y7w%3D%3D,Launch,8284605,JP_this is amazon_2020Q3,,,1,0,1,0,0,0,0,1,1,1,0,0,0,0,0,1,0,1,1,0,1,0,0,0,0,0,0,0,0,1,0,0,3,1,1,0,0,1,0,1,0,0,1,0,1,1,0,1,0,0,0,0,1,0,1,0,0,1,0,1,0,1,0.91 ,0.50 ,0.55 ,0.64 ,0.36 ,0.55 ,0.45 ,0.35 ,0.08 ,0.14 ,0.05 ,0.22 
54,Amazon Corporate,Japan,Masaru Corporate 60,2020-08-03,https://abx.ocucom.com/apps/MediaPlayer/1.3.5/www/?adkey=PTK-1.0-EIJcjip4uv5gBfS6qgG4kpLb1%2BiLfurFhgRc2zs%3D-F4cI%2Fr6arLVvCDvTPrxfew%3D%3D,Launch,8284621,JP_this is amazon_2020Q3,,,1,1,1,0,0,0,0,1,0,0,0,0,0,0,0,1,0,1,1,1,1,0,0,0,0,0,0,0,0,1,0,0,3,1,1,0,0,1,0,1,0,0,1,0,1,1,0,2,0,0,0,0,1,0,0,0,1,0,0,1,1,1,0.94 ,0.73 ,0.75 ,0.83 ,0.59 ,0.70 ,0.59 ,0.49 ,0.04 ,0.21 ,0.13 ,0.38 
57,Amazon Corporate,France,Camille FR 30,2020-08-17,https://abx.ocucom.com/apps/MediaPlayer/1.3.5/www/?adkey=PTK-1.0-pzlnm3rN8v9YyacgmTCqLYdwqxluXPN6Yy4ZMAM%3D-nkcW58kFv%2BxlpxQK7zh29Q%3D%3D,Launch,8348894,FR_this is amazon_2020Q4,FR_this is amazon_2021Q1,,1,1,0,0,0,1,0,0,1,1,0,0,0,0,0,1,1,0,0,0,1,0,0,0,1,0,0,0,0,1,0,0,2,1,0,0,0,0,0,1,0,0,1,0,1,1,0,0,0,0,0,0,0,1,1,0,1,1,0,0,1,1,0.91 ,0.51 ,0.55 ,0.74 ,0.21 ,0.53 ,0.50 ,0.36 ,0.09 ,0.22 ,0.13 ,0.36 
59,Amazon Corporate,France,Magalie FR 30,2020-08-17,https://abx.ocucom.com/apps/MediaPlayer/1.3.5/www/?adkey=PTK-1.0-b34fDgALjevUykVAz4ljDpNBMCe19pkAIG%2BC4pY%3D-jM1KUxh7tQfTKFpgeo0ysw%3D%3D,Launch,8348895,FR_this is amazon_2020Q4,FR_this is amazon_2020Q4,FR_this is amazon_2021Q1,1,1,0,0,0,1,0,0,1,1,0,0,0,0,0,1,1,0,1,1,1,0,0,0,1,0,0,0,0,1,0,0,2,1,0,0,0,0,0,1,0,0,1,0,1,1,0,0,0,0,0,0,1,1,1,0,1,1,0,0,0,1,0.90 ,0.60 ,0.64 ,0.75 ,0.16 ,0.50 ,0.52 ,0.40 ,0.13 ,0.22 ,0.13 ,0.32 
61,Amazon Corporate,France,Claude FR 30,2020-08-17,https://abx.ocucom.com/apps/MediaPlayer/1.3.5/www/?adkey=PTK-1.0-laMc8WxXftat%2BxUJMAyrle3BB0c1em%2BaxwpKhxE%3D-CYn7YR2oL2ZHFbMWcwT6cw%3D%3D,Launch,8348896,FR_this is amazon_2020Q4,FR_this is amazon_2020Q4,,1,0,1,0,0,0,0,1,0,0,0,0,0,0,0,0,0,0,0,0,1,0,1,0,0,0,0,0,0,1,0,0,2,1,0,0,0,0,0,1,0,0,1,0,1,1,0,0,0,0,0,0,1,1,1,0,0,0,0,0,0,1,0.92 ,0.65 ,0.67 ,0.75 ,0.35 ,0.58 ,0.53 ,0.46 ,0.08 ,0.25 ,0.14 ,0.30 
56,Amazon,United Kingdom,That's a low price,2020-08-17,https://abx.ocucom.com/apps/MediaPlayer/1.3.5/www/?adkey=PTK-1.0-4TuknMve3EIcaVyk%2FiV1B%2FtHCOwj6YJSVQVPtdU%3D-hDZwLixldZDewBzZZvIzBQ%3D%3D,Launch,8350855,UK_fundamentals value q3_2020_2020Q3,,,1,1,1,0,0,0,0,0,1,1,0,1,1,0,0,1,0,1,1,1,1,0,0,0,0,1,0,1,1,1,0,0,2,1,0,1,1,1,0,1,0,0,0,0,1,1,1,1,0,0,0,0,1,0,0,0,1,0,0,0,1,1,0.95 ,0.83 ,0.85 ,0.88 ,0.26 ,0.75 ,0.44 ,0.38 ,0.07 ,0.19 ,0.11 ,0.41 
151,Amazon,Germany,Low prices when and where you want,2021-04-26,https://abx.ocucom.com/apps/MediaPlayer/1.3.5/www/?adkey=PTK-1.0-pEyB2aMCNRUoVXapW6z3ATj8Rm4nfueAJWdVOvYM-Iwe9%2FKNyrYUcWJG8br8u5g%3D%3D,Launch,8350882,DE Fundamentals Q2'21 Flight 2,DE Fundamentals Q3'21 Flight 4,,1,1,1,0,0,1,0,0,1,1,0,1,1,0,1,1,0,1,1,1,1,0,0,0,1,1,0,1,1,1,1,0,3,1,0,0,1,0,1,1,0,0,1,0,1,1,1,0,0,0,1,0,1,0,0,0,1,1,0,0,0,1,0.93 ,0.62 ,0.65 ,0.77 ,0.20 ,0.61 ,0.44 ,0.33 ,0.14 ,0.23 ,0.13 ,0.41 
74,Amazon,Germany,Low prices when and where you want,2020-09-15,https://abx.ocucom.com/apps/MediaPlayer/1.3.5/www/?adkey=PTK-1.0-SBWWHGGO0oWW%2B8U1OOePbXaOcBFtyB%2FxkyGQfC0%3D-c7Wwb5YlPwYK2ljCg1up7A%3D%3D,Launch,8350882,DE Fundamentals Q3'20,,,1,1,0,0,0,0,0,0,0,0,0,0,0,0,0,1,0,1,1,1,1,0,1,0,0,0,0,0,1,0,0,1,3,1,0,0,0,0,0,1,0,0,0,0,1,1,2,1,0,0,0,0,0,0,0,0,0,0,0,0,0,1,0.93 ,0.62 ,0.65 ,0.77 ,0.20 ,0.61 ,0.44 ,0.33 ,0.14 ,0.23 ,0.13 ,0.41 
122,Amazon,Germany,Low prices when and where you want,2021-01-11,https://abx.ocucom.com/apps/MediaPlayer/1.3.5/www/?adkey=PTK-1.0-S%2B%2FMpTZmlJqZIgb%2ByuTdlofVHBKBqGgUSwCsohA%3D-34trw6omFl1JQwOPUtmvlA%3D%3D,Launch,8350882,DE Fundamentals Q1'21 Flight 1,,,1,1,1,0,0,1,1,0,0,1,0,0,0,0,0,0,0,0,0,1,1,0,0,1,1,0,0,0,1,1,1,0,2,1,1,0,1,0,1,1,1,0,0,0,0,1,0,0,0,1,1,0,1,1,1,1,1,1,0,1,1,1,0.93 ,0.62 ,0.65 ,0.77 ,0.20 ,0.61 ,0.44 ,0.33 ,0.14 ,0.23 ,0.13 ,0.41 
65,Amazon Corporate,United States,Hector 30,2020-08-25,https://abx.ocucom.com/apps/MediaPlayer/1.3.5/www/?adkey=PTK-1.0-2aQeMHE2YmmuGrtZiVGAWtahU7ABvO2EF6H4jXo%3D-dk2xFzHrL18JnWN0OLkcxg%3D%3D,Launch,8369988,US_this is amazon_2020Q3,,,1,1,1,0,0,1,1,0,1,1,0,1,1,0,1,1,0,1,1,1,1,1,1,0,1,0,0,0,1,1,0,1,5,1,0,0,0,0,0,1,0,0,0,0,1,1,1,0,1,0,0,0,0,0,0,0,0,1,0,0,1,1,0.95 ,0.81 ,0.83 ,0.87 ,0.52 ,0.77 ,0.73 ,0.61 ,0.02 ,0.20 ,0.19 ,0.32 
67,Amazon Corporate,United States,Joe 30,2020-08-25,https://abx.ocucom.com/apps/MediaPlayer/1.3.5/www/?adkey=PTK-1.0-BeCWKb5rr%2FkOiF%2B502dR9GubAZgKN20bMgeMei4%3D-%2BsiJ%2FahIMZwA4FK7O8SaFg%3D%3D,Launch,8369989,US_this is amazon_2020Q3,,,1,1,1,0,0,1,0,0,0,0,0,0,0,0,0,1,0,1,1,0,1,0,0,0,1,0,0,0,1,1,0,0,3,1,0,0,0,0,0,0,0,1,1,0,0,1,0,0,0,0,0,0,0,1,0,1,0,0,0,0,1,1,0.91 ,0.76 ,0.79 ,0.80 ,0.43 ,0.73 ,0.64 ,0.58 ,0.05 ,0.17 ,0.14 ,0.35 
63,Amazon,France,Low prices wherever you want them,2020-08-24,https://abx.ocucom.com/apps/MediaPlayer/1.3.5/www/?adkey=PTK-1.0-SYb23A1qivz4vekbVSeOs3Z1HNHar4Q1vHeLrIk%3D-EIiXAVhEGG%2BuNNcpUAZiiA%3D%3D,Launch,8380323,FR_core proposition_2020Q3,,,1,1,1,0,0,1,0,0,1,1,0,1,1,0,0,1,0,1,1,1,1,1,0,0,1,1,0,0,0,1,0,0,2,1,0,0,1,0,0,1,0,0,1,0,1,1,2,0,0,0,0,0,1,0,0,0,1,0,0,0,1,1,0.88 ,0.64 ,0.70 ,0.71 ,0.16 ,0.60 ,0.49 ,0.33 ,0.07 ,0.18 ,0.10 ,0.46 
121,Amazon,France,Low prices wherever you want them,2021-01-11,https://abx.ocucom.com/apps/MediaPlayer/1.3.5/www/?adkey=PTK-1.0-eK273L6vj5UqN8%2FJMWJVDxzEOteoaRP7nwwQUw4%3D-TF%2Br5QVggQkqlAQ1G6zEow%3D%3D,Launch,8380323,FR_core proposition_2021Q1,,,1,0,1,0,0,1,0,0,0,1,0,0,0,0,0,1,0,1,1,0,0,0,1,0,1,0,0,0,0,1,0,0,1,1,0,0,1,0,0,1,0,0,1,0,1,1,1,1,1,0,0,0,1,0,0,0,0,0,0,0,0,1,0.88 ,0.64 ,0.70 ,0.71 ,0.16 ,0.60 ,0.49 ,0.33 ,0.07 ,0.18 ,0.10 ,0.46 
64,Amazon,United Kingdom,End of summer sale: the sale that comes to you,2020-08-24,https://abx.ocucom.com/apps/MediaPlayer/1.3.5/www/?adkey=PTK-1.0-scDR4v0o6XrL5aSBRnWmk%2B8%2Fc6%2F6in%2F3UpVEDrw%3D-jTgXmdVK7HAS%2F9ebBNV7hQ%3D%3D,Launch,8380328,UK_end of summer sale 2020_2020Q3,,,1,0,1,0,0,1,0,0,0,1,0,0,0,0,0,1,0,1,1,1,0,0,1,0,1,0,0,0,1,1,0,0,3,1,0,0,1,0,0,1,0,0,1,0,1,1,1,0,0,0,0,0,1,0,0,0,0,1,0,0,1,1,0.97 ,0.76 ,0.77 ,0.85 ,0.34 ,0.79 ,0.56 ,0.48 ,0.03 ,0.15 ,0.10 ,0.42 
69,Amazon,Japan,Wow Deal 30,2020-08-31,https://abx.ocucom.com/apps/MediaPlayer/1.3.5/www/?adkey=PTK-1.0-TwYdio0eP%2FyLjrB4BthGt50dT1gezskXzjVZoRo%3D-igYEP70n2u8TbJ1YZaig%2Bg%3D%3D,Launch,8433453,JP Fundamentals Q3'20,,,1,1,1,0,0,1,0,1,0,0,0,1,0,1,0,1,0,1,1,1,1,0,1,0,1,1,0,1,1,1,0,0,4,1,2,0,1,1,1,0,0,0,0,0,0,1,1,0,0,0,0,1,0,0,0,0,0,0,0,0,0,1,0.83 ,0.52 ,0.60 ,0.57 ,0.21 ,0.54 ,0.38 ,0.16 ,0.10 ,0.10 ,0.10 ,0.30 
70,Amazon,Japan,Messy House 15,2020-08-31,https://abx.ocucom.com/apps/MediaPlayer/1.3.5/www/?adkey=PTK-1.0-iHfDkOY9%2FX3Et8ScwHVq55Wkz5W1G2dNyarZLSk%3D-oU9z3A3Dj59eGtCBuQR%2FFw%3D%3D,Launch,8433454,JP Fundamentals Q3'20,,,1,1,1,0,0,1,0,0,0,0,0,0,0,0,0,1,0,1,1,0,1,0,1,0,1,0,0,0,1,0,0,0,3,1,1,0,1,0,1,0,0,0,0,0,1,1,2,1,0,1,0,1,0,0,0,0,1,0,0,1,0,1,0.75 ,0.39 ,0.44 ,0.51 ,0.14 ,0.43 ,0.32 ,0.21 ,0.04 ,0.08 ,0.08 ,0.21 
71,Amazon,Japan,Video Conference 15,2020-08-31,https://abx.ocucom.com/apps/MediaPlayer/1.3.5/www/?adkey=PTK-1.0-F%2FhokWl3Bh5kqaTwH4D1C9OGieWhyBb%2FfBrDiOU%3D-5scY7FUzoqMkAyHhNY%2FprQ%3D%3D,Launch,8433455,JP Fundamentals Q3'20,,,1,1,1,0,0,0,0,0,0,0,0,1,0,1,0,1,0,1,1,1,1,0,1,0,0,1,0,0,1,1,0,0,2,1,1,0,0,1,1,0,0,0,0,0,1,1,1,1,0,1,0,0,0,0,0,0,0,0,0,0,0,1,0.81 ,0.50 ,0.53 ,0.60 ,0.22 ,0.47 ,0.34 ,0.22 ,0.07 ,0.22 ,0.10 ,0.33 
72,Amazon,Germany,September sale: the sale that comes to you,2020-09-07,https://abx.ocucom.com/apps/MediaPlayer/1.3.5/www/?adkey=PTK-1.0-EOksMgF%2BKCeP6QePvCBBpWwbktZArcphmqyCKDk%3D-PVaCo0uy21Rw%2FbMUq0j0fg%3D%3D,Launch,8494030,DE EOSS Q3'20,,,1,0,1,0,0,1,0,0,0,0,0,0,0,0,0,1,0,1,1,0,1,0,0,0,1,0,0,0,0,1,0,0,4,1,1,0,0,0,0,0,0,1,1,0,0,1,0,0,0,0,0,0,0,1,0,0,0,0,0,0,0,0,0.92 ,0.69 ,0.69 ,0.77 ,0.25 ,0.64 ,0.51 ,0.39 ,0.12 ,0.27 ,0.16 ,0.44 
73,Amazon Corporate,Japan,Brand Truth 30 NIPPON Store,2020-09-13,https://abx.ocucom.com/apps/MediaPlayer/1.3.5/www/?adkey=PTK-1.0-Nq6OqXKlulNhHYWVZC%2BdyGcIw2L6RNdTS0WEjr0%3D-XvH7%2Bbx81r5Vj9BcshD6xg%3D%3D,Launch,8564553,JP_this is amazon_2020Q3,,,1,1,1,0,0,0,0,1,0,0,0,0,0,0,0,1,0,1,0,1,1,0,0,0,0,0,0,0,0,1,0,0,2,1,0,0,0,1,1,0,0,0,0,0,1,1,1,1,0,0,0,1,0,1,0,0,0,0,0,0,1,1,0.82 ,0.49 ,0.54 ,0.57 ,0.33 ,0.47 ,0.43 ,0.26 ,0.06 ,0.15 ,0.09 ,0.31 
76,Amazon Corporate,United States,MORNING BILL HEY GOOD MORNING,2020-09-28,https://abx.ocucom.com/apps/MediaPlayer/1.3.5/www/?adkey=PTK-1.0-3sBQXZwmu%2Fjuq2sLqgX%2F7Z%2FGLGgylvDdeazujLE%3D-5OkBXEOsaJsyhvcHXojo8Q%3D%3D,Launch,8610634,US_this is amazon_2020Q3,,,1,1,1,0,0,0,0,0,0,0,0,0,0,0,0,0,0,0,0,0,0,0,0,0,0,0,0,0,0,0,0,0,1,1,0,0,0,0,0,0,0,0,0,0,0,1,0,0,0,0,0,0,0,0,0,0,0,0,0,0,0,0,0.91 ,0.77 ,0.81 ,0.80 ,0.48 ,0.69 ,0.63 ,0.58 ,0.05 ,0.22 ,0.18 ,0.20 
79,Amazon,United States,SHANE IS GETTING HIS HOLIDAY SHOPPING DONE EARLY,2020-10-15,https://abx.ocucom.com/apps/MediaPlayer/1.3.5/www/?adkey=PTK-1.0-UKEqkGo1JjHGV722FT%2BGMSA%2FRvBb2t6YyMGHCZw%3D-c35TjLONO0IEa%2FWTWTh7Ow%3D%3D,Launch,8753672,US_holiday bda 2020 - holiday shopping_2020Q3,,,1,1,1,0,0,1,1,1,1,1,0,1,0,0,1,1,0,1,1,1,1,0,0,0,0,0,0,0,1,1,0,0,2,1,0,0,1,0,0,0,0,0,0,0,0,0,0,0,0,0,0,0,1,0,0,0,1,0,0,1,0,1,0.93 ,0.81 ,0.85 ,0.87 ,0.49 ,0.78 ,0.73 ,0.65 ,0.05 ,0.21 ,0.21 ,0.25 
81,Amazon,United States,TESSA IS GETTING HER HOLIDAY SHOPPING DONE EARLY,2020-10-15,https://abx.ocucom.com/apps/MediaPlayer/1.3.5/www/?adkey=PTK-1.0-gfl3Y0rtUVLVjAOgd03jTfG2WrI9N3WB2cte0xM%3D-Lunri4RIhNCKVI%2BQ7G6%2BvA%3D%3D,Launch,8753673,US_holiday bda 2020 - holiday shopping_2020Q3,,,1,1,0,0,0,1,0,0,0,0,0,0,0,0,0,1,0,1,1,1,1,0,1,0,0,0,0,0,1,0,0,1,3,1,0,0,0,0,0,1,0,0,0,0,1,1,1,0,1,0,0,1,0,0,0,0,0,0,0,0,1,1,0.92 ,0.82 ,0.83 ,0.85 ,0.49 ,0.76 ,0.75 ,0.67 ,0.06 ,0.19 ,0.19 ,0.26 
83,Amazon,United States,WADE IS GETTING HIS HOLIDAY SHOPPING DONE EARLY AT,2020-10-15,https://abx.ocucom.com/apps/MediaPlayer/1.3.5/www/?adkey=PTK-1.0-7Whps2LL8K7ML5X6JC0v%2BXM5siTgAkAooyQhdkY%3D-bj9dZBu9pqiY6d44fCsgdA%3D%3D,Launch,8753674,US_holiday bda 2020 - holiday shopping_2020Q3,,,1,0,1,0,0,0,0,0,0,1,0,1,1,0,0,1,0,1,1,1,1,1,1,0,0,0,0,0,1,1,0,0,1,1,0,0,1,0,1,1,0,0,0,0,0,1,2,1,0,0,0,0,1,0,0,0,1,1,0,0,1,1,0.89 ,0.74 ,0.77 ,0.77 ,0.42 ,0.72 ,0.60 ,0.52 ,0.05 ,0.25 ,0.19 ,0.39 
91,Amazon Corporate,United Kingdom,Sustainability Windmills,2020-10-26,https://abx.ocucom.com/apps/MediaPlayer/1.3.5/www/?adkey=PTK-1.0-UU%2F2XXfiKo5RaaaHdpe2CvuUanVaQOli8SDhkw8%3D-k%2BEzfa8mqe3izns4ps8ZNw%3D%3D,Launch,8840698,UK_think big do big_2020Q4,,,0,0,0,0,0,0,0,0,0,0,0,0,0,0,0,0,0,0,0,0,0,0,0,0,0,0,0,0,0,0,0,0,1,1,0,0,0,0,0,0,0,0,0,0,0,0,0,0,0,0,0,0,0,1,1,1,0,0,1,0,1,1,0.89 ,0.73 ,0.74 ,0.81 ,0.47 ,0.69 ,0.63 ,0.45 ,0.07 ,0.09 ,0.06 ,0.37 
89,Amazon Alexa,United Kingdom,Ironing Alexa,2020-10-26,https://abx.ocucom.com/apps/MediaPlayer/1.3.5/www/?adkey=PTK-1.0-dr7dlLogfXlC0x61EifnPOYgOTksy4Wn1q09lkg%3D-Kbj5iuI%2BsE6x1xW8UMfnKQ%3D%3D,Launch,8840699,UK_UNLOCK_WORLD_WITH_VOICE_2021Q3,UK_UNLOCK_WORLD_WITH_VOICE_2020Q4,,1,1,1,0,0,0,0,0,1,1,0,0,0,0,0,0,0,0,0,1,1,0,0,0,0,1,0,1,0,1,1,0,1,1,1,1,0,0,0,0,0,0,0,1,0,1,0,0,0,0,0,0,1,0,0,0,1,0,0,1,1,1,0.85 ,0.65 ,0.71 ,0.68 ,0.31 ,0.59 ,0.58 ,0.53 ,0.06 ,0.14 ,0.09 ,0.44 
85,Amazon,United Kingdom,DINNER CHARMER UK,2020-10-26,https://abx.ocucom.com/apps/MediaPlayer/1.3.5/www/?adkey=PTK-1.0-KiTcFEir%2Byy4u5e%2F1ZgBjK5OAgblGHiQfaoe46I%3D-IP%2F4vSuSjFm9ru311kRCYg%3D%3D,Launch,8852099,UK_black friday/cyber monday_2020Q4,,,1,1,0,0,0,1,0,0,1,1,0,1,1,1,0,1,1,1,1,0,1,1,0,0,1,0,0,1,1,1,0,0,2,1,9,6,1,0,1,0,0,0,0,0,0,1,1,1,1,0,0,1,1,1,0,0,0,1,1,0,1,1,0.89 ,0.65 ,0.69 ,0.73 ,0.25 ,0.55 ,0.47 ,0.41 ,0.12 ,0.13 ,0.11 ,0.30 
86,Amazon,United Kingdom,WRAP GODDESS UK,2020-10-26,https://abx.ocucom.com/apps/MediaPlayer/1.3.5/www/?adkey=PTK-1.0-jSF%2Bq4P0jSkYke%2B0ZnjZmFjtAAjn%2F1cXk4UWxVc%3D-GH1HTQS7CZoqYLcpeUiFsA%3D%3D,Launch,8852158,UK_black friday/cyber monday_2020Q4,,,1,1,0,0,0,0,0,0,0,0,0,1,1,0,1,1,0,1,1,1,1,0,0,0,0,0,0,1,0,1,0,0,2,0,0,0,1,0,0,1,0,0,0,0,0,1,2,1,0,0,1,1,0,0,0,0,0,0,0,0,0,1,0.90 ,0.69 ,0.72 ,0.79 ,0.26 ,0.66 ,0.57 ,0.42 ,0.04 ,0.19 ,0.16 ,0.39 
87,Amazon,Germany,DINNER CHARMER DE,2020-10-26,https://abx.ocucom.com/apps/MediaPlayer/1.3.5/www/?adkey=PTK-1.0-zCZZJCvEoDXbIpVsYmgcHSS96y6DE1q2csJcitQ%3D-fByXaQzQrWyPZx6U4Rwvrw%3D%3D,Launch,8852168,DE Holiday 2020,,,1,1,1,0,0,0,0,0,1,1,1,0,0,0,0,1,0,1,1,1,1,1,1,1,0,0,0,1,1,1,0,0,2,0,0,0,1,0,1,0,0,0,0,0,0,1,1,0,0,0,1,1,1,0,0,0,1,1,0,0,1,1,0.90 ,0.61 ,0.61 ,0.73 ,0.18 ,0.53 ,0.44 ,0.35 ,0.18 ,0.14 ,0.13 ,0.34 
88,Amazon,Germany,WRAP GODDESS DE,2020-10-26,https://abx.ocucom.com/apps/MediaPlayer/1.3.5/www/?adkey=PTK-1.0-p0vTg%2FClbcqfnhysuCO1%2BbuRxhODeL3AiK7bKtE%3D-LJGki3HKal8nJ9ultG%2F5aA%3D%3D,Launch,8852172,DE Holiday 2020,,,1,1,0,0,0,0,0,0,0,1,0,1,1,0,0,1,0,1,1,0,1,0,1,0,0,0,0,1,0,1,0,0,2,0,0,0,1,0,1,0,0,0,0,0,0,1,1,0,0,0,1,0,0,0,0,0,0,1,0,0,1,1,0.88 ,0.52 ,0.58 ,0.64 ,0.17 ,0.50 ,0.43 ,0.35 ,0.15 ,0.19 ,0.11 ,0.34 
92,Amazon,United Kingdom,DANCER UK 20,2020-11-04,https://abx.ocucom.com/apps/MediaPlayer/1.3.5/www/?adkey=PTK-1.0-zQgarqxM0ac5fS2mVWj9IdYGJUWaObeYzpbXtHQ%3D-3HWKF%2F8B7FBAZl8a6EaIPQ%3D%3D,Launch,8915051,UK_black friday/cyber monday_2020Q4,,,1,1,1,0,0,0,0,0,1,1,0,0,0,0,0,0,0,0,0,1,1,0,0,1,0,0,0,0,1,0,0,0,2,1,0,0,0,0,0,1,1,0,0,0,0,1,0,0,0,0,0,0,1,1,0,1,1,1,0,1,0,1,0.89 ,0.51 ,0.57 ,0.62 ,0.21 ,0.57 ,0.58 ,0.45 ,0.07 ,0.11 ,0.08 ,0.46 
93,Amazon,United Kingdom,DANCER UK 30,2020-11-04,https://abx.ocucom.com/apps/MediaPlayer/1.3.5/www/?adkey=PTK-1.0-04K5va278RDPn1xb8hxu4UcKRgWb0Y5R%2F%2FSCVXM%3D-aMFVwG7uIso1cybm%2FJpZpQ%3D%3D,Launch,8915052,UK_black friday/cyber monday_2020Q4,,,1,1,1,0,0,0,0,0,1,1,0,0,0,0,0,1,0,1,1,1,1,1,1,1,0,0,0,1,1,0,0,0,2,1,0,0,1,0,1,0,0,0,0,0,0,1,1,1,0,1,0,1,1,0,0,0,1,1,0,0,1,1,0.87 ,0.71 ,0.75 ,0.83 ,0.42 ,0.59 ,0.66 ,0.57 ,0.05 ,0.19 ,0.13 ,0.51 
94,Amazon,United Kingdom,DANCER UK 60,2020-11-04,https://abx.ocucom.com/apps/MediaPlayer/1.3.5/www/?adkey=PTK-1.0-7eTL3euzOJhIGXgG5373kvasUeTWzKn957UFok8%3D-EJDrpxcvBac2EfmC2jP4GA%3D%3D,Launch,8915053,UK_black friday/cyber monday_2020Q4,,,1,1,1,0,0,1,1,0,1,1,0,0,0,0,0,0,0,0,0,1,1,0,0,1,1,0,0,0,1,1,1,0,1,1,0,0,1,1,1,1,1,0,0,0,0,1,0,0,0,0,0,0,1,1,1,1,1,0,0,1,0,1,0.89 ,0.68 ,0.72 ,0.74 ,0.39 ,0.58 ,0.75 ,0.63 ,0.05 ,0.14 ,0.12 ,0.43 
95,Amazon,United Kingdom,DANCER UK 120,2020-11-04,https://abx.ocucom.com/apps/MediaPlayer/1.3.5/www/?adkey=PTK-1.0-rQrR%2FOOSS3wCwdbAMVQTiL50knCc6nxIJUCOZtA%3D-8df4R1HrJDSkDMfr0yuh%2FA%3D%3D,Launch,8915054,UK_black friday/cyber monday_2020Q4,,,1,1,1,0,0,1,1,0,1,1,0,0,0,0,0,0,0,0,0,1,1,0,0,1,1,1,0,0,1,1,1,0,2,1,0,0,1,0,1,1,1,0,0,0,0,1,0,0,0,0,1,0,1,0,1,1,1,0,1,1,1,1,0.90 ,0.64 ,0.69 ,0.70 ,0.37 ,0.64 ,0.69 ,0.62 ,0.07 ,0.10 ,0.11 ,0.62 
96,Amazon,Germany,DANCER DE 20,2020-11-04,https://abx.ocucom.com/apps/MediaPlayer/1.3.5/www/?adkey=PTK-1.0-UlBcf0ku%2FS0UwE4F%2FiMhNqxPEKtlMydQFp0oqq8%3D-7X9hT%2FZeoAl0jViHWYrN9A%3D%3D,Launch,8915055,DE Holiday 2020,,,1,1,1,0,0,1,1,0,0,1,0,0,0,0,0,0,0,0,0,1,1,0,0,1,1,0,0,0,1,1,1,0,3,1,1,0,1,0,1,1,1,0,0,0,0,1,0,0,0,0,0,0,1,1,0,1,1,1,0,1,0,1,0.85 ,0.43 ,0.47 ,0.59 ,0.18 ,0.50 ,0.54 ,0.46 ,0.13 ,0.10 ,0.09 ,0.40 
97,Amazon,Germany,DANCER DE 30,2020-11-04,https://abx.ocucom.com/apps/MediaPlayer/1.3.5/www/?adkey=PTK-1.0-2eR%2FPqDvoC%2F0ztYwQ0kVD29uyzQX%2FnIBhyfHRes%3D-fK%2F3saRJWD4tihdwzWeilQ%3D%3D,Launch,8915056,DE Holiday 2020,,,1,1,1,0,0,0,0,0,1,1,0,0,0,0,0,0,0,0,0,1,1,0,0,1,0,0,0,0,1,1,0,0,2,1,0,0,0,0,0,1,1,0,0,0,0,1,0,1,0,0,0,0,0,0,0,1,0,1,0,1,0,1,0.86 ,0.58 ,0.62 ,0.74 ,0.23 ,0.49 ,0.56 ,0.46 ,0.15 ,0.16 ,0.15 ,0.40 
98,Amazon,Germany,DANCER DE 60,2020-11-04,https://abx.ocucom.com/apps/MediaPlayer/1.3.5/www/?adkey=PTK-1.0-x3QRsFSgVztyZWyqYpeTSg9EkEYzjYBY1Kx9jpg%3D-4cZVl4v7FZXD7nq1iDBwrA%3D%3D,Launch,8915057,DE Holiday 2020,,,1,1,1,0,0,1,1,0,1,1,0,0,0,0,0,0,0,0,0,1,1,0,0,1,0,0,0,0,1,1,1,0,3,1,0,0,1,0,1,1,1,0,0,0,0,1,0,1,0,0,1,0,1,1,0,0,1,0,0,1,1,1,0.75 ,0.56 ,0.57 ,0.63 ,0.16 ,0.53 ,0.61 ,0.47 ,0.19 ,0.07 ,0.07 ,0.43 
99,Amazon,Germany,DANCER DE 120,2020-11-04,https://abx.ocucom.com/apps/MediaPlayer/1.3.5/www/?adkey=PTK-1.0-s%2F%2FnwfQImETxYMm7MbZyA9j7gDXjjoJun6TXiF4%3D-tjXN01EHoRLEqIle6llMAA%3D%3D,Launch,8915058,DE Holiday 2020,,,1,1,1,0,0,1,1,0,0,1,0,0,0,0,0,0,0,0,0,1,1,0,0,1,1,0,0,0,1,1,1,0,3,1,0,0,1,0,1,1,1,0,0,0,0,1,0,1,0,0,0,0,1,0,1,1,1,0,0,1,1,1,0.72 ,0.52 ,0.56 ,0.63 ,0.30 ,0.55 ,0.65 ,0.64 ,0.11 ,0.13 ,0.12 ,0.52 
100,Amazon,France,DANCER FR 20,2020-11-04,https://abx.ocucom.com/apps/MediaPlayer/1.3.5/www/?adkey=PTK-1.0-seH5GP1O%2FQmZf0p77J%2BDMjGsde6B8frjeF1FxcI%3D-HmsrxjSJuMrUA%2FDy6SQvGA%3D%3D,Launch,8915059,FR_christmas_2020_bda_the_show_must_go_on_2020Q4,,,1,1,1,0,0,1,1,0,1,1,0,0,0,0,0,0,0,0,0,1,1,0,0,1,1,0,0,0,1,1,1,0,3,1,0,0,1,0,1,1,1,0,0,0,0,1,0,1,0,0,1,0,1,1,1,1,0,1,1,1,1,1,0.74 ,0.48 ,0.51 ,0.58 ,0.07 ,0.51 ,0.45 ,0.26 ,0.14 ,0.19 ,0.07 ,0.47 
101,Amazon,France,DANCER FR 30,2020-11-04,https://abx.ocucom.com/apps/MediaPlayer/1.3.5/www/?adkey=PTK-1.0-hr%2BLJKXfgc4AmBPjuHbJlWOo%2FM9BmDoKjlzuBZQ%3D-8wMw4LJRa6Ma0KllRyK2sw%3D%3D,Launch,8915060,FR_christmas_2020_bda_the_show_must_go_on_2020Q4,,,1,1,1,0,0,1,1,0,0,1,0,0,0,0,0,0,0,0,0,1,1,0,0,1,1,0,0,0,1,1,1,0,3,1,0,0,1,0,0,1,1,0,0,0,0,1,0,0,0,0,1,0,1,1,0,1,1,0,0,1,1,1,0.76 ,0.58 ,0.62 ,0.66 ,0.13 ,0.49 ,0.53 ,0.42 ,0.16 ,0.10 ,0.09 ,0.40 
102,Amazon,France,DANCER FR 120,2020-11-04,https://abx.ocucom.com/apps/MediaPlayer/1.3.5/www/?adkey=PTK-1.0-wmxCPkiVv3zhwMeFBTTX8Wj5embQaNYSJII8xv0%3D-MBLd7GDbPe1%2F%2Fz4Ad5nGmQ%3D%3D,Launch,8915061,FR_christmas_2020_bda_the_show_must_go_on_2020Q4,,,1,1,1,0,0,0,0,0,0,1,0,0,0,0,0,0,0,0,0,1,1,0,0,1,0,0,0,0,1,1,0,0,1,0,0,0,0,0,0,1,1,0,0,0,0,1,1,0,0,0,0,0,1,1,0,1,1,1,0,1,1,1,0.51 ,0.42 ,0.45 ,0.60 ,0.14 ,0.44 ,0.62 ,0.59 ,0.12 ,0.13 ,0.09 ,0.54 
103,Amazon,France,The show goes on,2020-11-05,https://abx.ocucom.com/apps/MediaPlayer/1.3.5/www/?adkey=PTK-1.0-Omf8hc0sSkbTfK4ic2Yb8ZU3w9oVkkhbvqYhT2k%3D-lhG4AE6p9DJIR%2BDKHaVbsg%3D%3D,Launch,8943424,FR_christmas_2020_bda_the_show_must_go_on_2020Q4,,,1,1,1,0,0,1,1,0,1,1,0,0,0,0,0,0,0,0,0,1,1,0,0,1,0,0,0,0,1,1,1,0,2,0,0,0,1,0,1,1,1,0,0,0,0,1,1,0,0,1,1,0,1,1,0,1,1,0,0,1,0,0,0.76 ,0.51 ,0.55 ,0.62 ,0.15 ,0.48 ,0.56 ,0.40 ,0.11 ,0.09 ,0.14 ,0.30 
104,Amazon,France,DANCER FR 60,2020-11-09,https://abx.ocucom.com/apps/MediaPlayer/1.3.5/www/?adkey=PTK-1.0-wbNqkE5NsGRIqmg1LDYUZy0GHElEHk7ncc4IG7M%3D-HZE%2BAtbrWunjSGZjt0oRaA%3D%3D,Launch,8960403,FR_christmas_2020_bda_the_show_must_go_on_2020Q4,,,1,1,1,0,0,1,1,0,1,1,0,0,0,0,0,0,0,0,0,1,1,0,0,1,0,0,0,0,1,1,1,0,2,0,1,1,1,0,1,1,1,0,0,0,0,1,1,0,0,1,1,0,1,0,1,1,1,1,0,1,1,1,0.80 ,0.60 ,0.66 ,0.73 ,0.33 ,0.57 ,0.69 ,0.60 ,0.05 ,0.15 ,0.17 ,0.53 
105,Amazon,United States,DANCER US 30,2020-11-09,https://abx.ocucom.com/apps/MediaPlayer/1.3.5/www/?adkey=PTK-1.0-mpeHAEngTpI%2FPKP5jGMpm5nOSnDAG1t1xRyP4Lg%3D-XYK7Dj7J7l1zP9aPenLMjw%3D%3D,Launch,8960406,US_holiday bda 2020 - holiday shopping_2020Q3,,,1,1,1,0,0,1,1,0,0,1,0,0,0,0,0,0,0,0,0,1,1,0,0,1,1,0,0,0,1,1,1,0,2,0,0,0,1,0,1,1,1,0,0,0,0,1,1,0,0,1,0,0,1,1,0,0,1,0,0,1,0,1,0.87 ,0.66 ,0.72 ,0.76 ,0.41 ,0.57 ,0.64 ,0.61 ,0.09 ,0.11 ,0.13 ,0.38 
106,Amazon,United States,DANCER US 60,2020-11-09,https://abx.ocucom.com/apps/MediaPlayer/1.3.5/www/?adkey=PTK-1.0-yWOHZYk1tpaaRBSXcWCLFh8GmSayiDm4xitK2vw%3D-Y6ceKzKWjf1wLLM7wUrhiQ%3D%3D,Launch,8960407,US_holiday bda 2020 - holiday shopping_2020Q3,,,1,1,1,0,0,1,1,0,0,1,0,0,0,0,0,0,0,0,0,1,1,0,0,1,0,0,0,0,1,1,1,0,2,1,1,0,1,0,1,1,1,0,0,0,0,1,0,0,0,1,1,0,1,1,0,1,1,1,1,1,1,0,0.82 ,0.63 ,0.66 ,0.74 ,0.36 ,0.66 ,0.70 ,0.68 ,0.07 ,0.14 ,0.17 ,0.43 
107,Amazon,United States,DANCER US 120,2020-11-09,https://abx.ocucom.com/apps/MediaPlayer/1.3.5/www/?adkey=PTK-1.0-bdqQcybSqMiDQ2g0NZj6MS%2FAjX0ftwSHj4X2AKI%3D-lEHxCDhRvDBG0SvhINlbag%3D%3D,Launch,8960408,US_holiday bda 2020 - holiday shopping_2020Q3,,,1,1,1,0,0,1,1,0,0,1,0,0,0,0,0,0,0,0,0,1,1,0,0,1,1,0,0,0,1,1,1,0,2,1,0,0,1,0,1,1,1,0,0,0,0,1,1,0,0,1,1,0,1,1,1,1,1,1,0,1,1,1,0.83 ,0.69 ,0.71 ,0.78 ,0.48 ,0.67 ,0.71 ,0.71 ,0.07 ,0.19 ,0.20 ,0.38 
109,Amazon,United States,CAM IS GETTING HIS HOLIDAY SHOPPING DONE AT AMAZON,2020-11-20,https://abx.ocucom.com/apps/MediaPlayer/1.3.5/www/?adkey=PTK-1.0-2U2OwScpduvO9mJbnTLlcnWFQ%2FbDfgAR1YYXgZo%3D-KCRYpP8SM0WlWCfLc95xMA%3D%3D,Launch,9058578,US_holiday bda 2020 - holiday shopping_2020Q3,,,1,1,1,0,0,1,0,0,0,0,0,0,0,0,0,1,0,1,1,1,1,0,0,0,1,0,0,1,0,1,0,0,2,1,0,0,0,1,1,0,0,0,0,0,0,1,1,0,0,0,0,0,0,0,0,0,1,0,0,0,0,1,0.90 ,0.62 ,0.65 ,0.72 ,0.28 ,0.55 ,0.53 ,0.44 ,0.10 ,0.14 ,0.14 ,0.36 
108,Amazon,United Kingdom,With Amazon get your Christmas shopping done early with their Black Friday Week deals from the 20th to the 30th of November.,2020-11-19,https://abx.ocucom.com/apps/MediaPlayer/1.3.5/www/?adkey=PTK-1.0-MUaTZ2xvWUYFpyPLwedNVpyw5zAdJqyhCfzEshE%3D-j4DHJdIHtPKcEkeMRFkgXQ%3D%3D,Launch,9058954,UK_black friday/cyber monday_2020Q4,,,1,1,1,0,0,1,1,0,1,1,0,0,0,0,0,1,0,1,0,1,1,0,0,0,1,0,0,1,1,1,0,0,1,1,0,0,1,1,0,0,0,0,0,0,0,1,1,1,0,0,0,1,1,0,0,0,1,0,0,0,1,1,0.94 ,0.70 ,0.74 ,0.78 ,0.30 ,0.65 ,0.55 ,0.43 ,0.11 ,0.12 ,0.08 ,0.49 
110,Amazon,Germany,Cool Uncle 15 DE,2020-11-30,https://abx.ocucom.com/apps/MediaPlayer/1.3.5/www/?adkey=PTK-1.0-kBsmQi5c3t1JSlfHzSaiK3jLjr3ruIA0I6cGfi4%3D-aVs3kdyMaOhi50lSgRVgkQ%3D%3D,Launch,9175968,DE Holiday 2020,,,1,1,1,0,0,1,1,0,0,1,0,1,0,0,1,1,0,1,1,0,1,0,0,0,1,0,0,0,0,1,0,0,2,0,0,0,1,0,0,0,0,0,0,0,0,1,0,0,0,0,0,0,0,0,0,0,1,0,0,0,0,1,0.89 ,0.60 ,0.63 ,0.74 ,0.25 ,0.56 ,0.49 ,0.39 ,0.15 ,0.13 ,0.13 ,0.29 
111,Amazon,Germany,Suave 15 DE,2020-11-30,https://abx.ocucom.com/apps/MediaPlayer/1.3.5/www/?adkey=PTK-1.0-SYdARqa0qEX2RjLmqu3WwnYBkKRvsSOemdzVW04%3D-uBQmUTslc6%2BMatOru4GsaQ%3D%3D,Launch,9175969,DE Holiday 2020,,,1,0,1,0,0,0,0,0,0,0,0,0,0,0,0,1,0,1,1,0,1,0,1,0,0,0,0,1,0,1,0,0,2,0,0,0,1,0,1,0,0,0,0,0,0,1,1,0,0,0,1,1,0,0,0,0,0,1,0,0,1,0,0.90 ,0.69 ,0.71 ,0.80 ,0.35 ,0.67 ,0.61 ,0.50 ,0.15 ,0.15 ,0.19 ,0.41 
112,Amazon,Japan,Black Friday Cyber Monday 15 JP,2020-11-30,https://abx.ocucom.com/apps/MediaPlayer/1.3.5/www/?adkey=PTK-1.0-VfjAwxOrVT195Ve5m2GrvZCcSnOqw19cumsiidc%3D-kYymLt1VHzRm9%2BbywyhFCw%3D%3D,Launch,9175972,JP Holiday 2020,,,0,0,0,0,0,0,0,0,0,0,0,0,0,0,0,1,0,1,1,1,1,0,0,0,0,0,1,0,0,0,0,0,1,1,1,0,0,0,0,1,0,0,0,0,0,1,2,1,0,1,0,0,0,0,0,0,0,0,0,1,1,1,0.86 ,0.49 ,0.59 ,0.55 ,0.21 ,0.54 ,0.38 ,0.19 ,0.05 ,0.13 ,0.09 ,0.31 
113,Amazon,United Kingdom,Suave Stuart 15 UK,2020-11-30,https://abx.ocucom.com/apps/MediaPlayer/1.3.5/www/?adkey=PTK-1.0-cAsnYnlAcldleLEUHX5BGiSnODMMUnKOl60daDo%3D-rIVAKNjCBfoeCwKBdRAtRA%3D%3D,Launch,9175977,UK_black friday/cyber monday_2020Q4,,,1,0,1,0,0,0,0,0,0,0,0,0,0,0,0,1,0,1,1,1,1,0,1,0,0,0,0,1,0,1,0,0,2,0,0,0,1,0,0,0,0,0,0,0,0,1,1,0,0,0,1,1,0,0,0,1,0,1,0,0,0,1,0.94 ,0.71 ,0.75 ,0.75 ,0.26 ,0.64 ,0.56 ,0.36 ,0.10 ,0.15 ,0.10 ,0.54 
114,Amazon,United States,Suave Dougie 15 US,2020-11-30,https://abx.ocucom.com/apps/MediaPlayer/1.3.5/www/?adkey=PTK-1.0-nlEwdROzTat7rww%2Fm5To5kPPBpx1GhachNllPiA%3D-JDkZwRUYLkMLTOIjPY%2FXTA%3D%3D,Launch,9175978,US_holiday bda 2020 - holiday shopping_2020Q3,,,1,0,1,0,0,0,0,0,0,0,0,0,0,0,0,1,0,1,1,0,1,0,0,0,0,0,0,0,0,1,0,0,2,1,0,0,1,0,1,0,0,0,0,0,0,1,2,0,0,0,0,0,0,0,0,0,0,0,0,0,0,1,0.88 ,0.64 ,0.67 ,0.72 ,0.34 ,0.63 ,0.56 ,0.48 ,0.09 ,0.14 ,0.10 ,0.29 
115,Amazon,United States,LISA IS GETTING HER HOLIDAY SHOPPING DONE EARLY AT,2020-12-01,https://abx.ocucom.com/apps/MediaPlayer/1.3.5/www/?adkey=PTK-1.0-m4RL3Gn98UFzqV5z6JPcODyp6VPTXtKyYSf5hhU%3D-AIDaMx0gpN%2FdDv0%2BKqy3uA%3D%3D,Launch,9181369,US_holiday bda 2020 - holiday shopping_2020Q3,,,1,1,0,0,0,0,0,0,1,1,0,0,0,0,0,1,0,1,1,0,1,1,0,1,0,0,0,1,1,0,0,0,1,1,0,0,1,0,1,0,0,0,0,0,0,0,0,0,0,0,0,0,1,0,0,0,1,0,0,0,0,1,0.88 ,0.61 ,0.67 ,0.69 ,0.29 ,0.59 ,0.53 ,0.43 ,0.09 ,0.13 ,0.16 ,0.29 
116,Amazon,Japan,Gift Point Japan,2020-12-07,https://abx.ocucom.com/apps/MediaPlayer/1.3.5/www/?adkey=PTK-1.0-MbJBr9W2ByLpzeskkJNEx2WR4nAx4vJibstTXh8%3D-UdpI8uUxJvLSWoRoPMR1qQ%3D%3D,Launch,9268135,JP Holiday 2020,,,0,0,0,0,0,0,0,0,0,0,0,0,0,0,0,1,0,1,1,1,1,0,1,0,0,0,1,1,1,0,0,0,3,1,0,0,0,0,0,1,0,0,0,0,0,1,1,1,0,0,0,1,0,0,0,0,0,0,1,0,1,1,0.85 ,0.48 ,0.55 ,0.57 ,0.22 ,0.46 ,0.35 ,0.25 ,0.06 ,0.13 ,0.07 ,0.39 
117,Amazon,Germany,Dinner Charmer Vat DE,2020-12-25,https://abx.ocucom.com/apps/MediaPlayer/1.3.5/www/?adkey=PTK-1.0-I7j7ErRVqwwK0nb34kMnHmZnql%2Bs5KNDaJX8ZTg%3D-59tpFVD%2BGL7%2FQCKIrAMJfg%3D%3D,Launch,9429617,DE Holiday 2020,,,1,1,1,0,0,0,0,0,1,1,1,0,0,0,0,1,0,1,1,1,1,1,1,1,0,1,0,1,1,1,0,0,2,0,0,0,1,0,1,0,0,0,0,0,0,1,1,0,0,0,1,1,1,0,0,0,1,1,0,0,1,1,0.89 ,0.57 ,0.58 ,0.71 ,0.18 ,0.56 ,0.49 ,0.34 ,0.21 ,0.11 ,0.13 ,0.26 
118,Amazon,Japan,New Year Sale JP,2020-12-28,https://abx.ocucom.com/apps/MediaPlayer/1.3.5/www/?adkey=PTK-1.0-rWE%2BVrZqTVDy%2B1QLyDPgeP%2B0gLWFhUu3IFNXfiE%3D-pV3c%2BH9sktXBKpVWhnZ2aw%3D%3D,Launch,9429633,JP Holiday 2020,,,0,0,0,0,0,0,0,0,0,0,0,0,0,0,0,1,0,1,1,1,1,0,0,0,0,0,1,0,0,1,0,0,4,1,1,0,0,0,0,1,0,0,0,0,0,1,1,1,1,0,0,1,0,0,0,0,0,0,0,0,1,1,0.85 ,0.61 ,0.65 ,0.66 ,0.22 ,0.53 ,0.40 ,0.19 ,0.04 ,0.14 ,0.09 ,0.26 
119,Amazon,Japan,Holiday 2020 Oshogatsu 30,2021-01-07,https://abx.ocucom.com/apps/MediaPlayer/1.3.5/www/?adkey=PTK-1.0-sU2A0gm9whhN2F84BjKgPrK1mXXwKmMI6tVhbz4%3D-V6rJVr0mH3bYFnWVtcEZ8Q%3D%3D,Launch,9506503,JP Holiday 2020,,,0,0,0,0,0,0,0,0,0,0,0,0,0,0,0,1,1,0,0,0,1,0,0,0,1,1,1,1,0,1,0,1,5,1,0,0,0,0,0,1,0,0,0,0,1,1,0,0,0,0,0,0,0,0,0,0,0,0,0,0,1,1,0.60 ,0.28 ,0.36 ,0.36 ,0.17 ,0.37 ,0.30 ,0.23 ,0.07 ,0.14 ,0.06 ,0.21 
120,Amazon Prime,United States,FREE TWO HOUR GROCERY DELIVERY INCLUDED WITH PRIME,2021-01-09,https://abx.ocucom.com/apps/MediaPlayer/1.3.5/www/?adkey=PTK-1.0-%2B1NGJQSy1HK6%2BOo3fTNEn7rLxQ9hWbc%2Bl7MoCm8%3D-VFtJZYg0y3R3KngB1BBcDA%3D%3D,Launch,9524776,US EP Joy Delivered Q1'21,,,1,1,1,0,0,1,0,0,1,1,0,0,0,0,0,1,1,0,0,1,1,0,0,0,0,0,0,1,1,0,0,0,2,1,0,0,0,0,0,0,0,0,0,0,0,1,1,0,1,0,0,0,0,0,0,0,0,0,0,0,1,1,0.93 ,0.74 ,0.80 ,0.80 ,0.39 ,0.58 ,0.56 ,0.53 ,0.07 ,0.14 ,0.19 ,0.38 
124,Amazon Corporate,Germany,Daniel DE 30,2021-01-11,https://abx.ocucom.com/apps/MediaPlayer/1.3.5/www/?adkey=PTK-1.0-zUTc0EpBYyYB5VnBIjjbdjMWPcpRQmSy%2Fl6hNZA%3D-VDP0Czwc0GcQLF8jLgOk%2Fg%3D%3D,Launch,9538446,DE_this is amazon_2021Q1,DE_this is amazon_2021Q2,,1,0,1,0,0,0,0,0,0,0,0,0,0,0,0,1,0,1,0,1,1,0,0,0,0,0,0,0,0,1,0,0,2,1,0,0,0,0,0,0,0,1,1,0,1,1,0,0,0,0,0,0,0,1,0,1,0,0,1,0,1,1,0.82 ,0.53 ,0.58 ,0.59 ,0.37 ,0.48 ,0.52 ,0.43 ,0.14 ,0.11 ,0.19 ,0.38 
123,Amazon,United Kingdom,"Amazon have low prices anytime, anywhere.",2021-01-11,https://abx.ocucom.com/apps/MediaPlayer/1.3.5/www/?adkey=PTK-1.0-afDuz4PxR6VWnB4IU4tlbTRvyI3wyEtUHAvyo5s%3D-wwSsDXqQ5lY0uzQzAC4XsQ%3D%3D,Launch,9550279,UK_value q1 - night shift_2021Q1,,,1,0,1,0,0,1,0,0,0,1,0,0,0,0,0,1,0,1,1,1,0,0,1,0,1,0,0,0,0,1,0,0,3,1,0,0,1,0,0,1,0,0,1,0,1,1,1,0,0,0,0,0,1,1,0,0,1,0,0,0,1,1,0.88 ,0.71 ,0.77 ,0.78 ,0.24 ,0.71 ,0.53 ,0.40 ,0.09 ,0.15 ,0.09 ,0.50 
128,Amazon Prime,United Kingdom,"Amazon Prime gives fast delivery, video and music for £7.99 a month",2021-01-26,https://abx.ocucom.com/apps/MediaPlayer/1.3.5/www/?adkey=PTK-1.0-Nsk0xyeY8tgVp9BpeZjvefHuXHxLNXvGsPha9KE%3D-Cp0smbE7uwpZAzFOjyaPJA%3D%3D,Launch,9648745,UK EP Joy Delivered Q1'21,,,1,1,1,0,0,1,0,0,1,1,0,1,1,0,0,1,1,0,1,1,0,0,1,0,1,1,0,0,1,0,0,0,4,1,0,0,1,0,1,1,0,0,1,0,1,1,1,0,0,0,0,0,0,0,0,0,1,0,0,0,1,1,0.89 ,0.66 ,0.69 ,0.73 ,0.25 ,0.56 ,0.47 ,0.40 ,0.08 ,0.05 ,0.12 ,0.55 
127,Amazon,United States,WOW THAT'S A LOW PRICE WOW THAT'S A LOW PRICE WHAT,2021-01-24,https://abx.ocucom.com/apps/MediaPlayer/1.3.5/www/?adkey=PTK-1.0-dmhcteLnOQC4XbH0yBYT7NHOOYCzZ3KQu5bgjkU%3D-kV1IELzI0L%2BiFr1RIVxpvA%3D%3D,Launch,9682465,US_embrace amazon value_2021Q1,,,1,1,1,0,0,0,0,0,1,1,0,0,0,0,0,1,0,1,1,1,1,1,0,0,0,0,0,0,0,0,0,0,6,1,1,0,0,0,0,0,0,0,0,1,1,1,2,1,0,1,0,0,0,0,0,0,1,0,0,0,1,1,0.95 ,0.76 ,0.82 ,0.82 ,0.38 ,0.77 ,0.64 ,0.54 ,0.04 ,0.19 ,0.21 ,0.34 
129,Amazon,United Kingdom,Amazon have installed solar panels on over 65 of their facilities. (Coronavirus),2021-02-03,https://abx.ocucom.com/apps/MediaPlayer/1.3.5/www/?adkey=PTK-1.0-9zxi8V6mYJoROOPb1ymY%2Bd9eX3p5bXM4sF86fFk%3D-cWJWVnUgKb%2FHErKt0OUbdw%3D%3D,Launch,9752772,UK_this is amazon_2021Q1,,,1,1,0,0,0,0,0,0,1,0,0,0,0,0,0,1,1,0,1,0,1,0,0,0,0,0,0,0,0,1,1,0,1,1,0,0,0,0,0,0,0,0,1,0,0,0,0,0,0,0,0,0,0,1,1,1,1,0,1,0,0,1,0.89 ,0.66 ,0.71 ,0.76 ,0.41 ,0.67 ,0.64 ,0.34 ,0.05 ,0.13 ,0.08 ,0.47 
130,Amazon Alexa,United States,Amazon Alexa Body Ad,2021-02-05,https://abx.ocucom.com/apps/MediaPlayer/1.3.5/www/?adkey=PTK-1.0-F9c16x0RJvShtnBNtRRmVuXpn2Wr1CXJOuDa5QU%3D-87vAt0FNBrKQ3YZYs2ne0w%3D%3D,Launch,9759192,US_superbowl_2021Q1,,,1,1,1,0,1,0,0,0,1,1,0,0,0,0,0,0,0,0,0,1,1,0,0,0,0,1,0,1,1,1,1,0,3,1,1,0,0,0,0,0,0,1,1,1,0,1,0,0,0,0,0,0,1,0,0,0,0,1,0,0,1,1,0.83 ,0.63 ,0.64 ,0.73 ,0.31 ,0.53 ,0.65 ,0.55 ,0.13 ,0.17 ,0.16 ,0.43 
133,Amazon Alexa,United States,Amazon Alexa Body Ad :30,2021-02-08,https://abx.ocucom.com/apps/MediaPlayer/1.3.5/www/?adkey=PTK-1.0-KtWdol1e7D6T1%2BLsQy9oXgs%2FNLtW6WPXucz2eAE%3D-LG6kAUw%2FUDnUpQDMP0qtog%3D%3D,Launch,9778562,US_superbowl_2021Q1,,,1,1,1,0,1,0,0,0,1,1,0,0,0,0,0,0,0,0,0,1,1,0,0,0,0,1,0,1,0,1,0,0,1,1,1,0,0,0,0,0,0,0,0,1,0,1,0,0,0,0,0,0,1,0,0,0,0,0,0,1,0,0,0.78 ,0.57 ,0.57 ,0.63 ,0.30 ,0.53 ,0.56 ,0.51 ,0.15 ,0.14 ,0.11 ,0.31 
145,Amazon Alexa,United Kingdom,Alexa - a voice is all you need. (Mount Vesuvius) (Coronavirus),2021-04-12,https://abx.ocucom.com/apps/MediaPlayer/1.3.5/www/?adkey=PTK-1.0-1cv8pXBWMRCWlPfM%2Bak%2Foy0s%2B924oAamk8yF2Z6E-Ru%2Fskr%2FoCKq0gvMblPvZ5g%3D%3D,Launch,9780795,UK_UNLOCK_WORLD_WITH_VOICE_2021Q3,UK_unlock the world with your voice_2021Q2,,1,1,1,0,0,1,0,0,1,1,0,0,0,0,0,0,0,0,0,0,0,0,0,0,1,1,0,0,0,1,0,0,1,0,1,0,0,0,0,0,0,0,0,1,0,1,0,0,0,0,0,0,0,0,0,0,0,0,1,1,1,1,0.87 ,0.70 ,0.73 ,0.79 ,0.27 ,0.49 ,0.52 ,0.37 ,0.08 ,0.06 ,0.06 ,0.39 
134,Amazon Alexa,United Kingdom,Alexa - a voice is all you need. (Mount Vesuvius) (Coronavirus),2021-02-08,https://abx.ocucom.com/apps/MediaPlayer/1.3.5/www/?adkey=PTK-1.0-xk8FLcIN1H%2B%2BKwYr26o2PTq%2BLV4iTCMq4RX77Xw%3D-%2ByKzDvQt0Myp4JqKPyyE7g%3D%3D,Launch,9780795,UK_UNLOCK_WORLD_WITH_VOICE_2021Q1,,,1,1,1,0,0,1,0,1,1,1,0,0,0,0,0,0,0,0,0,1,0,0,0,0,1,1,0,1,0,0,1,0,1,1,1,0,0,0,0,0,0,0,0,1,0,1,0,0,0,0,0,0,0,0,0,0,1,1,0,0,1,1,0.87 ,0.70 ,0.73 ,0.79 ,0.27 ,0.49 ,0.52 ,0.37 ,0.08 ,0.06 ,0.06 ,0.39 
136,Amazon Alexa,United States,EXCUSE ME EXCUSE ME WHAT WHAT YEAR IS IT PLEASE,2021-02-13,https://abx.ocucom.com/apps/MediaPlayer/1.3.5/www/?adkey=PTK-1.0-QIu5RLA3h84eb2xYehXla%2BP1Qok2Lhsq%2B4tCLzk%3D-HKnCla7Loqx18kOJmnku6Q%3D%3D,Launch,9823012,US_unlock the world with your voice_2021Q1,,,1,1,1,0,0,1,0,1,0,1,0,0,0,0,0,0,0,0,0,1,0,0,0,0,1,1,0,1,0,1,1,0,1,1,1,0,0,0,0,0,0,0,0,1,0,1,0,0,0,0,0,0,0,0,0,0,1,0,1,0,1,1,0.88 ,0.71 ,0.76 ,0.73 ,0.35 ,0.59 ,0.64 ,0.61 ,0.06 ,0.13 ,0.08 ,0.31 
135,Amazon Alexa,Germany,Alexa Comms TV 30,2021-02-08,https://abx.ocucom.com/apps/MediaPlayer/1.3.5/www/?adkey=PTK-1.0-m9svj9y7qi2yyIo6c%2Bjv2iz161X2RSiqeUSm28w%3D-ixECCfoOn%2FIh6%2BHlPPclrA%3D%3D,Launch,9823347,DE_ode to german_2021Q4,DE_ode to german_2021Q3,DE_ode to german_2021Q1,1,1,1,0,0,1,1,1,1,1,0,0,0,0,0,1,0,1,1,0,1,1,1,0,1,1,0,1,1,1,0,0,1,1,3,0,0,0,0,0,0,0,0,1,0,1,0,0,0,0,0,0,0,0,0,0,1,1,0,0,1,1,0.86 ,0.67 ,0.75 ,0.72 ,0.28 ,0.55 ,0.56 ,0.40 ,0.11 ,0.15 ,0.16 ,0.27 
132,Amazon,Japan,Wow Deal 30_v20_B,2021-02-08,https://abx.ocucom.com/apps/MediaPlayer/1.3.5/www/?adkey=PTK-1.0-OwriD7eMmM0Cv38IoqFa%2BOkfGOZSbIIFrVqfIhw%3D-mgA1J2hYzG1Fs5HxGPx9hQ%3D%3D,Launch,9833511,JP Fundamentals Q1'21,,,1,1,1,0,0,1,1,1,0,0,0,1,0,0,0,1,0,1,1,1,1,1,0,0,1,1,0,0,1,1,0,0,2,0,1,0,1,1,1,0,0,0,0,0,1,1,2,1,1,0,0,0,0,0,0,0,0,0,0,1,1,1,0.91 ,0.63 ,0.67 ,0.69 ,0.35 ,0.60 ,0.38 ,0.27 ,0.06 ,0.17 ,0.08 ,0.34 
137,Amazon,Japan,Wow Deal 15,2021-02-22,https://abx.ocucom.com/apps/MediaPlayer/1.3.5/www/?adkey=PTK-1.0-6N5sKuKl3E3JQJFKEix6RWdQnGXsTwuneyB%2FS0w%3D-6cGesAaItT0jKHzuaLySMA%3D%3D,Launch,9886547,JP Fundamentals Q1'21,,,1,1,1,1,0,0,0,1,0,0,0,1,0,1,0,1,0,1,1,1,1,0,0,0,0,1,0,0,1,0,0,1,7,0,4,0,1,1,1,0,0,0,0,0,1,1,1,1,1,1,0,1,0,0,0,0,0,0,0,1,1,1,0.90 ,0.57 ,0.62 ,0.66 ,0.22 ,0.56 ,0.32 ,0.21 ,0.06 ,0.16 ,0.05 ,0.39 
138,Amazon,Japan,A Man And Online Shopping Website,2021-02-28,https://abx.ocucom.com/apps/MediaPlayer/1.3.5/www/?adkey=PTK-1.0-PwdRpE2ksY%2FZKJbLpP298%2BxoEMI9rjxK%2FB246D40-0fPu1ehb%2BY4oMQODemD6xA%3D%3D,Launch,10030667,JP_seller stories_2021Q2,,,1,0,1,0,0,0,0,1,0,0,0,0,0,0,0,1,0,1,0,1,1,0,0,0,0,0,0,0,0,0,0,0,2,0,0,0,0,1,0,0,0,0,0,0,1,1,0,0,0,0,0,0,1,1,0,1,1,0,0,0,0,1,0.82 ,0.52 ,0.55 ,0.60 ,0.24 ,0.46 ,0.43 ,0.30 ,0.03 ,0.09 ,0.08 ,0.34 
141,Amazon,Germany,Easter offer,2021-03-22,https://abx.ocucom.com/apps/MediaPlayer/1.3.5/www/?adkey=PTK-1.0-3a0ZY11UVlgJOSlGBr79aQdXV1WYuab3T2yDOC8x-cNAhB1dLAYpdJBKjbF3xiw%3D%3D,Launch,10192439,DE Spring sale Q3'21,,,0,0,0,0,0,0,0,0,0,0,0,0,0,0,1,1,0,1,1,1,1,1,0,0,0,0,1,0,0,1,0,1,7,1,1,1,0,0,0,1,0,0,0,0,0,1,2,1,0,0,0,1,0,0,0,0,1,1,0,0,0,1,0.88 ,0.59 ,0.65 ,0.70 ,0.23 ,0.55 ,0.52 ,0.42 ,0.11 ,0.13 ,0.12 ,0.20 
143,Amazon Corporate,United States,"(TEXT) AT AMAZON, WE DON'T JUST THINK BIG, WE DO B",2021-03-29,https://abx.ocucom.com/apps/MediaPlayer/1.3.5/www/?adkey=PTK-1.0-9O4S0R8PggDFeKr8yGZ4BVeCfv857hBX9Dq9AeG%2B-CgRXZO3j6EHhFlQ7RGSDuA%3D%3D,Launch,10223749,US_this is amazon_2021Q1,,,0,0,0,0,0,0,0,0,0,0,0,0,0,0,0,0,0,0,0,0,0,0,0,0,0,0,0,0,0,0,0,0,1,1,0,0,0,0,0,0,0,1,0,0,0,1,0,0,0,0,0,0,0,1,1,1,0,0,0,0,1,1,0.90 ,0.79 ,0.82 ,0.83 ,0.53 ,0.76 ,0.68 ,0.59 ,0.05 ,0.19 ,0.14 ,0.43 
139,Amazon,Japan,Amazon Lead Up Sale,2021-03-15,https://abx.ocucom.com/apps/MediaPlayer/1.3.5/www/?adkey=PTK-1.0-FheW0Ey3At1%2FAeY7c4rbkA9Bc7o5fbx7rBHN%2FK8V-vE4r88xsHwJ1oCiMZHt%2BlA%3D%3D,Launch,10226191,JP Shinseikatsu Q1'21,,,1,1,1,0,0,0,0,1,0,0,0,1,1,0,0,1,0,1,1,1,1,0,1,0,0,0,0,1,0,0,0,1,10,1,0,0,0,0,0,1,0,0,0,0,0,1,1,1,0,1,0,1,0,0,0,1,0,1,0,0,0,1,0.88 ,0.54 ,0.59 ,0.65 ,0.29 ,0.59 ,0.38 ,0.21 ,0.07 ,0.17 ,0.11 ,0.31 
140,Amazon,Japan,Amazon Day of Sale,2021-03-15,https://abx.ocucom.com/apps/MediaPlayer/1.3.5/www/?adkey=PTK-1.0-UXGqekEU8bTYnmlD5RNWV8rfnwrutmxeGf97E8rr-soHCIsnmxrzXNZpbsuBBWg%3D%3D,Launch,10226192,JP Shinseikatsu Q1'21,,,0,0,0,0,0,0,0,0,0,0,0,0,0,0,0,1,0,1,1,1,1,0,0,0,0,0,1,0,1,0,0,0,1,1,0,0,0,0,0,1,0,0,0,0,0,1,3,1,1,0,0,1,0,0,0,0,0,0,0,0,1,1,0.89 ,0.43 ,0.48 ,0.51 ,0.21 ,0.43 ,0.31 ,0.17 ,0.11 ,0.08 ,0.05 ,0.31 
142,Amazon,United Kingdom,Amazon Spring Sale UK,2021-03-22,https://abx.ocucom.com/apps/MediaPlayer/1.3.5/www/?adkey=PTK-1.0-k3EDO2aFmrLlQqbl0mc9bYhn%2FURBCcEVHLpMdy66-XvNE9l7YRtozCqeKwBqV1Q%3D%3D,Launch,10226193,UK_amazon spring sale 2021 live event_2021Q1,,,1,1,1,0,0,0,0,1,1,0,0,1,1,0,0,1,0,1,1,1,1,0,1,0,0,0,0,0,0,1,0,1,10,1,0,0,0,0,0,1,0,0,0,0,0,1,1,0,0,1,0,1,0,0,0,0,0,0,0,0,0,1,0.87 ,0.65 ,0.69 ,0.72 ,0.25 ,0.66 ,0.50 ,0.36 ,0.06 ,0.12 ,0.09 ,0.31 
144,Amazon Corporate,France,Toufik,2021-04-08,https://abx.ocucom.com/apps/MediaPlayer/1.3.5/www/?adkey=PTK-1.0-SjEtixOIxrJ35Am3DZiBLSMMvUUq7h55d2y6lzz1-jLy7SMMVO7sn8hBZwyzoZQ%3D%3D,Launch,10624756,FR_this is amazon_2021Q2,,,1,0,1,0,0,0,0,0,1,0,0,1,0,0,1,1,0,1,1,0,1,0,0,0,0,1,0,0,1,1,0,0,5,1,0,0,0,0,0,1,0,0,1,0,1,1,1,0,0,0,0,0,0,1,1,1,0,0,0,1,1,1,0.85 ,0.65 ,0.66 ,0.80 ,0.29 ,0.54 ,0.53 ,0.35 ,0.11 ,0.15 ,0.17 ,0.39 
146,Amazon Alexa,Germany,Speak to me,2021-04-12,https://abx.ocucom.com/apps/MediaPlayer/1.3.5/www/?adkey=PTK-1.0-vUJyklrgewAFoEO68CSQbuza6HY2ALLfNHRWYCOS-7MH2UAokwr8d%2FBoLmpdfRQ%3D%3D,Launch,10680178,DE_ode to german_2021Q4,DE_ode to german_2021Q2,,1,1,1,0,0,1,1,1,1,1,0,0,0,0,0,1,0,1,0,1,1,1,0,1,1,1,0,1,1,1,0,0,1,0,1,0,0,1,1,0,0,0,0,1,0,1,1,0,0,0,0,1,1,1,1,0,1,1,1,1,1,1,0.87 ,0.58 ,0.63 ,0.66 ,0.22 ,0.45 ,0.50 ,0.33 ,0.16 ,0.08 ,0.13 ,0.32 
147,Amazon Prime,United Kingdom,Amazon Prime is £7.99 a month. Tom Clancy's Without Remorse coming soon.,2021-04-19,https://abx.ocucom.com/apps/MediaPlayer/1.3.5/www/?adkey=PTK-1.0-jw3oCMMF95tx5JBTkjeBQ6kCjyexY3BhDESF8kt3-EGgiE7dfFxM%2BJ1UfouBF9Q%3D%3D,Launch,10751626,UK EP XCM x PV Top & Tail Q2'21,,,1,0,1,0,1,0,0,0,0,1,0,0,0,0,0,1,0,1,0,1,0,0,0,0,0,0,0,0,0,0,0,0,2,1,1,1,0,0,0,1,0,0,0,0,0,1,2,0,0,1,0,0,1,0,0,0,0,0,0,1,1,1,0.87 ,0.60 ,0.65 ,0.69 ,0.25 ,0.55 ,0.43 ,0.32 ,0.09 ,0.11 ,0.08 ,0.30 
148,Amazon,United States,Compilation Low Prices 30,2021-04-26,https://abx.ocucom.com/apps/MediaPlayer/1.3.5/www/?adkey=PTK-1.0-AZ4AkNCSKX3jeYBEoj6mvGTmh8LXK3uqjO4enk3a-CkxJIt49F5%2FvgGFMbt4B0w%3D%3D,Launch,10850559,US_embrace amazon value_2021Q2,,,1,1,1,0,0,1,1,1,1,1,0,1,1,0,1,1,1,0,1,1,1,0,0,0,1,1,0,1,0,1,0,0,2,1,0,0,1,0,1,1,0,0,0,0,1,1,1,1,0,0,1,0,0,0,0,0,0,0,0,0,1,1,0.92 ,0.77 ,0.82 ,0.81 ,0.43 ,0.71 ,0.63 ,0.60 ,0.05 ,0.22 ,0.18 ,0.38 
149,Amazon,France,Low prices,2021-04-26,https://abx.ocucom.com/apps/MediaPlayer/1.3.5/www/?adkey=PTK-1.0-xfbVB7OQpV3%2BtWWeelu25grFwsys0OP3ka33LVUR-eP0b0pvzgZ2aA3Zk09FpBQ%3D%3D,Launch,10868931,FR_core proposition_2021Q2,FR_fundamentals q4_2021Q3,,1,1,1,0,0,1,0,0,1,1,0,1,1,0,1,1,0,1,1,1,1,1,0,0,1,1,0,1,0,1,0,0,3,1,0,0,1,0,1,1,0,0,0,0,1,0,1,1,0,0,1,0,0,0,0,0,0,0,0,1,0,0,0.87 ,0.58 ,0.61 ,0.71 ,0.20 ,0.54 ,0.50 ,0.37 ,0.10 ,0.16 ,0.10 ,0.30 
160,Amazon,Germany,Low Prices,2021-06-29,https://abx.ocucom.com/apps/MediaPlayer/1.3.5/www/?adkey=PTK-1.0-faug9d7bp5POb5wGGj2MAhYIoCeAdudgUZ6otn6k-yBVxBhqXyYSGA%2FV7JnvvxA%3D%3D,Launch,10868931,DE Fundamentals Q2'21 Flight 3,,,1,1,1,0,0,1,0,1,1,1,0,0,0,0,0,1,0,0,0,1,1,0,1,0,0,0,0,1,0,0,0,0,3,1,1,0,0,0,0,0,0,0,0,0,1,1,2,0,1,0,0,0,1,0,0,0,0,0,0,1,1,1,0.87 ,0.58 ,0.61 ,0.71 ,0.20 ,0.54 ,0.50 ,0.37 ,0.10 ,0.16 ,0.10 ,0.30 
161,Amazon,France,Low prices,2021-06-30,https://abx.ocucom.com/apps/MediaPlayer/1.3.5/www/?adkey=PTK-1.0-2J6C0%2FJhMoz69asnKj5lGQR1qhpx7fC4hj64%2BUSO-EaznxNNYs7kwsnWvBrl4%2BQ%3D%3D,Launch,10868931,FR_core proposition_2021Q2,,,1,1,1,0,1,0,0,1,0,0,0,1,0,0,0,1,0,1,1,0,1,0,0,1,0,1,0,1,1,1,0,1,6,1,0,0,0,0,0,0,0,0,0,0,1,1,0,1,0,0,0,1,0,0,0,0,0,0,0,1,0,0,0.87 ,0.58 ,0.61 ,0.71 ,0.20 ,0.54 ,0.50 ,0.37 ,0.10 ,0.16 ,0.10 ,0.30 
150,Amazon,United Kingdom,"Amazon have low prices anytime, anywhere. (20s)",2021-04-26,https://abx.ocucom.com/apps/MediaPlayer/1.3.5/www/?adkey=PTK-1.0-vc21vRqtYzAzABRDnKQXWhshSoWmSof1%2Fjw4T92Z-DmH1C2wLdBuEMMsFzNSNtQ%3D%3D,Launch,10869049,UK_amazon fundamentals_2021Q2,UK_fundamentals q4_2021Q3,,1,1,1,0,0,0,0,0,0,0,0,1,1,0,0,1,0,1,1,1,1,1,0,0,0,0,0,0,0,0,0,1,1,1,1,0,1,0,0,1,0,0,0,0,0,0,1,0,0,0,1,0,0,0,0,0,0,0,0,0,1,1,0.89 ,0.69 ,0.72 ,0.77 ,0.29 ,0.67 ,0.56 ,0.38 ,0.08 ,0.13 ,0.12 ,0.38 
152,Amazon Prime,United States,TWO-HOUR GROCERY DELIVERY WITH PRIME,2021-04-26,https://abx.ocucom.com/apps/MediaPlayer/1.3.5/www/?adkey=PTK-1.0-cB8QlOxXORiIgKUsvjPzeIU4QKkvDZnxoWxhq%2FWX-ZeRohz0LW7NLxCR7QRy7pA%3D%3D,Launch,10891548,US EP Joy Delivered Q2'21,,,1,1,1,0,0,1,0,1,1,1,0,1,1,0,0,1,0,1,1,1,1,0,0,0,1,0,0,1,0,1,0,0,3,1,0,0,1,0,1,1,0,0,1,0,1,1,2,0,0,0,1,0,1,0,0,0,0,0,0,0,0,1,0.91 ,0.80 ,0.84 ,0.86 ,0.47 ,0.68 ,0.70 ,0.63 ,0.07 ,0.22 ,0.20 ,0.29 
154,Amazon Prime,United Kingdom,"With Amazon Prime for £7.99 a month you get fast delivery and action-packed movies, including Tom Clancy's Without Remorse.",2021-05-01,https://abx.ocucom.com/apps/MediaPlayer/1.3.5/www/?adkey=PTK-1.0-9fWt7pSQVJL9dwDbl25xFgu%2BGUZFZCxJCTTSv1F0-pMDoYhbvC3nTlbponAQWAQ%3D%3D,Launch,10972575,UK EP XCM x PV Top & Tail Q2'21,,,1,0,1,0,1,0,0,0,0,1,0,0,0,0,0,1,0,1,0,1,1,0,0,0,0,0,0,0,0,0,0,0,1,0,0,0,0,0,0,1,0,0,0,0,0,1,1,0,0,1,0,0,1,0,0,0,0,0,0,0,1,1,0.87 ,0.66 ,0.68 ,0.73 ,0.24 ,0.54 ,0.50 ,0.34 ,0.09 ,0.09 ,0.08 ,0.35 
153,Amazon Prime,Germany,Exciting stories,2021-04-30,https://abx.ocucom.com/apps/MediaPlayer/1.3.5/www/?adkey=PTK-1.0-4KzauRN11hZtnsAPQGZ0jBZWMODavz5GQ2qwYB7Z-K2wh0p42EjL67FTW3OQ%2FwA%3D%3D,Launch,11134056,DE EP XCM x PV Top & Tail Q2'21,,,1,1,1,1,1,1,0,0,0,0,0,0,0,0,0,1,0,1,0,1,1,0,1,0,1,0,0,0,0,1,0,0,2,1,1,0,0,0,0,1,0,0,0,0,0,1,2,0,1,1,0,0,0,0,0,0,1,0,0,0,0,1,0.88 ,0.58 ,0.63 ,0.70 ,0.18 ,0.52 ,0.45 ,0.40 ,0.12 ,0.13 ,0.13 ,0.35 
155,Amazon Prime,Japan,Amazon Prime TV 30,2021-05-10,https://abx.ocucom.com/apps/MediaPlayer/1.3.5/www/?adkey=PTK-1.0-iOWEeFH8L43RdI8y6b2sN8ENLBN%2FA3S%2FsTkeyFqo-cw4hMBXFmvqWf2YlrAA%2FeQ%3D%3D,Launch,11213570,JP EP Stress Free Convenience Q2'21,JP EP Stress Free Convenience Q3'21,,1,1,1,0,0,0,0,0,0,0,0,0,0,0,0,0,0,0,0,1,1,1,0,0,0,1,0,0,0,1,0,0,2,1,0,0,1,0,1,1,0,0,0,0,0,1,1,0,0,0,0,0,0,0,0,0,1,0,0,1,0,1,0.75 ,0.39 ,0.46 ,0.46 ,0.28 ,0.46 ,0.40 ,0.31 ,0.07 ,0.13 ,0.08 ,0.30 
157,Amazon Corporate,United States,WELCOME TO MY DEAF FAMILY ONE OF MY FAVORITE PARTS,2021-05-17,https://abx.ocucom.com/apps/MediaPlayer/1.3.5/www/?adkey=PTK-1.0-ykgZSBy4gJb%2BvZ93x6jQJNf1GnHQKfOBUftpw5vT-T%2Fj%2F6IYw9lp9jwhXmvNy3Q%3D%3D,Launch,11519684,US_this is amazon_2021Q2,,,1,1,1,0,0,1,0,1,0,0,1,0,0,0,0,1,0,1,0,0,1,0,0,0,1,0,0,0,0,1,0,0,2,1,0,0,0,0,0,0,0,0,1,0,0,1,0,0,0,0,0,0,1,1,0,0,1,1,0,1,0,1,0.84 ,0.64 ,0.67 ,0.75 ,0.49 ,0.57 ,0.66 ,0.62 ,0.04 ,0.12 ,0.18 ,0.27 
156,Amazon Prime,Germany,Der Boandlkramer Und Die Ewige Liebe,2021-05-15,https://abx.ocucom.com/apps/MediaPlayer/1.3.5/www/?adkey=PTK-1.0-PoFPZokForZ0QmlRhwpUEJDCOo75I65nDM7ODaGX-FhmUryajucUjhu7p8GpC%2BA%3D%3D,Launch,11521000,DE EP XCM x PV Top & Tail Q2'21,,,1,1,1,0,0,1,0,1,1,1,0,1,1,0,1,1,0,1,1,1,1,0,0,0,1,0,0,1,1,0,0,0,3,1,0,0,1,0,1,1,0,0,1,0,1,1,1,1,0,0,1,0,1,0,0,0,1,0,0,0,0,1,0.86 ,0.55 ,0.59 ,0.67 ,0.19 ,0.50 ,0.45 ,0.38 ,0.15 ,0.10 ,0.14 ,0.42 
159,Amazon,United States,ONLY SIX PERCENT OF US RETAIL BUSINESSES HAVE A,2021-06-27,https://abx.ocucom.com/apps/MediaPlayer/1.3.5/www/?adkey=PTK-1.0-DZjh3fwF3hFJ8vHFjR7IZS3GzVI9fANrF9Assydt-YLZ7nekP77DrrDC6UtRL3g%3D%3D,Launch,12581396,US_think big do big_2021Q2,,,1,1,1,0,0,0,0,0,0,1,0,0,0,0,0,1,1,0,1,0,1,0,0,0,0,0,0,0,0,1,0,0,1,1,0,0,0,1,0,0,0,0,0,0,0,1,0,0,0,0,0,0,1,1,1,0,1,1,0,1,1,1,0.91 ,0.73 ,0.77 ,0.80 ,0.40 ,0.60 ,0.61 ,0.55 ,0.10 ,0.11 ,0.13 ,0.30 
164,Amazon,United Kingdom,"[Goats at 10sec] Amazon. Low prices. Anytime, anywhere (Joel Fry)",2021-07-01,https://abx.ocucom.com/apps/MediaPlayer/1.3.5/www/?adkey=PTK-1.0-Nk6loj8T21RZlPY5FCjj%2FfXyt4Spn05RJMjV%2BbzW-u%2BNJyH9KJR03OyeGwiNp1Q%3D%3D,Launch,12637413,UK_fundamentals q3_2021Q2,,,1,1,1,0,0,1,0,0,1,1,0,1,1,0,1,1,0,1,1,1,1,0,0,0,1,1,0,1,1,0,0,0,1,1,0,0,1,0,1,1,0,0,0,0,1,1,1,1,0,0,0,0,0,0,0,0,0,0,0,1,1,1,0.86 ,0.67 ,0.71 ,0.74 ,0.32 ,0.67 ,0.54 ,0.37 ,0.07 ,0.14 ,0.10 ,0.40 
165,Amazon,France,Investment in people,2021-07-07,https://abx.ocucom.com/apps/MediaPlayer/1.3.5/www/?adkey=PTK-1.0-O7FKbBSQNk8VuYqt3%2BfGZZaCcEHIOfDazwqW6nXf-AZj1Sy3bO4OL94DKXzBBMA%3D%3D,Launch,12713365,FR_think big do big_2021Q3,,,1,1,1,0,0,0,0,0,1,1,0,0,0,0,0,1,0,1,1,1,1,1,0,0,0,1,0,0,0,1,0,0,2,1,0,0,0,0,0,1,0,1,1,0,1,1,1,1,0,0,0,0,0,0,0,0,0,0,0,0,0,1,0.89 ,0.69 ,0.72 ,0.75 ,0.32 ,0.57 ,0.51 ,0.36 ,0.10 ,0.26 ,0.19 ,0.37 
158,Amazon,Japan,"Workers, People Taking Care Of Plants And Couple On Video Call",2021-06-27,https://abx.ocucom.com/apps/MediaPlayer/1.3.5/www/?adkey=PTK-1.0-ZgCILDp5BUxOwxHrXx477b5kRBkmW1cQu1i8bccq-8xkCElWFXdh4YdT%2BSEqVvw%3D%3D,Launch,12715705,JP_seller stories_2021Q2,,,1,1,1,0,0,0,0,1,0,0,0,1,0,1,0,1,1,1,1,0,1,0,1,0,0,0,0,0,0,1,0,0,2,1,1,0,0,1,1,0,0,0,0,0,1,1,3,1,0,0,1,0,0,1,0,1,0,0,0,0,1,1,0.85 ,0.45 ,0.49 ,0.54 ,0.30 ,0.47 ,0.40 ,0.23 ,0.05 ,0.14 ,0.07 ,0.33 
166,Amazon,Germany,Investing in people,2021-07-07,https://abx.ocucom.com/apps/MediaPlayer/1.3.5/www/?adkey=PTK-1.0-XoXQCjttbGQyJMtLgSbjR8gyiSGQjUUzXm2%2FTzO7-Kd15Zet8aHAIJIJO0ydAvw%3D%3D,Launch,12736281,DE_think big do big_2021Q3,,,1,1,1,0,0,0,0,0,1,1,0,0,0,0,0,1,0,1,1,1,0,0,0,0,0,0,0,0,0,0,0,0,1,1,0,0,0,0,0,1,0,1,1,0,0,0,0,0,0,0,0,0,0,1,0,0,0,0,0,0,0,1,0.90 ,0.58 ,0.62 ,0.70 ,0.28 ,0.59 ,0.51 ,0.33 ,0.18 ,0.19 ,0.14 ,0.35 
167,Amazon,United Kingdom,Amazon. Every day better.,2021-07-07,https://abx.ocucom.com/apps/MediaPlayer/1.3.5/www/?adkey=PTK-1.0-e2ogTyAR22J6kBv2Harq%2BdZf4ilfJRpEEL%2FPucZS-L7JaQRa9HSNt96tjFlPf4Q%3D%3D,Launch,12736290,UK_this is amazon_2021Q2,,,1,1,1,0,0,0,0,0,1,1,0,0,0,0,0,1,1,0,1,1,1,0,0,0,0,0,0,0,0,1,0,0,2,1,0,0,0,0,0,1,0,1,1,0,1,1,0,0,0,1,0,0,0,1,0,0,0,0,0,0,1,1,0.92 ,0.66 ,0.72 ,0.75 ,0.36 ,0.60 ,0.50 ,0.39 ,0.06 ,0.11 ,0.14 ,0.39 
169,Amazon,United States,OKAY YOU'RE THE NEW KID FIRST IMPRESSIONS ARE,2021-07-10,https://abx.ocucom.com/apps/MediaPlayer/1.3.5/www/?adkey=PTK-1.0-0Zvt3MkQcS3DVyZrSZXz9Tn911nrudIGqum9Re0N-L35zFj2jhKEvTHBvqj0N1Q%3D%3D,Launch,12799032,US_back to school 2021_2021Q3,,,1,0,1,0,0,1,0,0,0,1,0,0,0,0,0,1,1,0,1,1,1,0,0,0,0,0,0,1,0,0,0,0,4,1,0,0,0,0,1,0,0,0,0,0,1,1,1,0,0,0,1,0,0,0,0,0,1,0,0,0,0,1,0.94 ,0.71 ,0.75 ,0.82 ,0.40 ,0.57 ,0.59 ,0.57 ,0.04 ,0.17 ,0.19 ,0.38 
170,Amazon,United States,DAY ONE PONYTAIL GAME TIGHT COLOR PENCIL GAME,2021-07-12,https://abx.ocucom.com/apps/MediaPlayer/1.3.5/www/?adkey=PTK-1.0-jiSzV5Jz05qqcoWvfRrlOi0iabBAz%2FxuQDRbE0wl-LizQY1iW8MOv9hrG0LCQ4A%3D%3D,Launch,12825660,US_back to school 2021_2021Q3,,,1,1,0,0,0,1,0,0,1,1,0,0,0,0,0,1,1,0,1,1,1,0,0,0,0,0,0,0,1,0,0,0,3,1,0,0,0,0,0,0,0,0,0,0,1,1,2,1,0,0,1,0,1,0,1,1,1,0,0,0,0,1,0.92 ,0.72 ,0.76 ,0.80 ,0.35 ,0.55 ,0.58 ,0.54 ,0.06 ,0.17 ,0.16 ,0.33 
171,Amazon Alexa,United States,I'VE ALWAYS LOVED YOU SVEN SHANNON I NEVER SAID IT,2021-07-26,https://abx.ocucom.com/apps/MediaPlayer/1.3.5/www/?adkey=PTK-1.0-K1TQgc4tlwkCNq8ae9A7fxQ5TQqJa3Z1ZgE1LQoS-zyI8%2F%2FxWT1HoL4BSHtD%2BQQ%3D%3D,Launch,13053921,US_UNLOCK_WORLD_WITH_VOICE_2021Q3,,,1,1,1,0,0,0,0,0,1,1,0,0,0,0,0,0,0,0,0,1,1,0,0,0,0,1,0,0,0,0,1,0,1,1,1,0,0,0,0,0,0,0,0,1,0,1,0,0,0,0,0,0,1,0,0,0,0,0,0,0,1,1,0.89 ,0.77 ,0.80 ,0.82 ,0.42 ,0.69 ,0.66 ,0.61 ,0.08 ,0.20 ,0.22 ,0.30 
188,Amazon,Japan,Low price Compilation 30,2021-10-17,https://abx.ocucom.com/apps/MediaPlayer/1.3.5/www/?adkey=PTK-1.0-6zat65IvTGqfNS%2Blods%2B0nR6wFx0rXdylnm7m4t%2F-4LboYnXUMozhrTDNyWB8vg%3D%3D,Launch,13190408,JP Fundamentals Q4'21,,,1,1,1,0,0,0,1,0,0,0,0,1,1,0,0,0,0,0,0,1,1,0,0,1,0,1,0,0,1,0,0,0,5,1,0,0,1,1,1,0,0,0,0,0,1,1,2,0,0,0,0,0,0,0,0,0,0,0,0,0,1,1,0.78 ,0.41 ,0.45 ,0.48 ,0.20 ,0.45 ,0.29 ,0.17 ,0.10 ,0.13 ,0.09 ,0.23 
177,Amazon,United Kingdom,Amazon End of Summer Sale. Up to 40% off. Ends 3rd September. amazon.co.uk/deals.,2021-08-26,https://abx.ocucom.com/apps/MediaPlayer/1.3.5/www/?adkey=PTK-1.0-g%2FIk10dFYw3uadTBk2fuywJEwGCoLxnQbMx9Ecah-oFOOeUeWs4x%2BtCEv2Nwpdw%3D%3D,Launch,13739589,UK_end of summer sale_2021Q3,,,1,1,1,0,0,1,1,1,1,1,0,0,0,0,0,1,1,0,1,1,1,0,1,0,1,0,0,1,0,1,0,1,2,1,0,0,0,0,0,0,0,0,0,1,1,0,2,0,0,0,0,1,0,0,0,0,0,1,0,0,1,1,0.90 ,0.62 ,0.67 ,0.72 ,0.24 ,0.55 ,0.50 ,0.38 ,0.10 ,0.11 ,0.10 ,0.43 
176,Amazon Prime,Germany,"Live football & fast, free delivery",2021-08-25,https://abx.ocucom.com/apps/MediaPlayer/1.3.5/www/?adkey=PTK-1.0-uxsU2PUJ77%2Bk5YDcpF%2Btwing5w3zLOjl3Zhzn8Kp-zsL6mJHavJHdnrEw600rog%3D%3D,Launch,13796876,DE XCM x PV Live Sport Top & Tail,,,1,0,1,0,0,0,1,0,1,1,0,0,0,0,0,1,1,0,0,1,0,0,1,0,0,0,0,0,1,0,0,0,2,1,0,0,0,1,1,1,0,0,0,0,0,1,1,0,0,1,0,1,1,1,1,1,1,1,0,1,1,1,0.86 ,0.60 ,0.64 ,0.69 ,0.22 ,0.53 ,0.46 ,0.40 ,0.14 ,0.15 ,0.16 ,0.36 
173,Amazon Corporate,United Kingdom,"Small business success on Amazon  supporting 175,000 jobs in the UK and £3.5bn in export sales",2021-07-31,https://abx.ocucom.com/apps/MediaPlayer/1.3.5/www/?adkey=PTK-1.0-MlqgNEwFbTveH5Tc18t3Y9Z06aSKfmAc4ir6S8hS-3SJkSmoxDN%2BeEaXsstQQtQ%3D%3D,Launch,13862904,UK_think big do big_2021Q3,,,1,1,1,0,0,0,0,0,1,1,0,0,0,0,0,1,1,0,1,0,1,0,0,0,0,0,0,0,0,1,0,1,2,1,0,0,0,0,0,1,0,1,1,0,0,1,0,0,0,0,0,0,0,0,0,0,0,0,0,0,1,1,0.90 ,0.67 ,0.72 ,0.75 ,0.33 ,0.67 ,0.53 ,0.39 ,0.07 ,0.18 ,0.12 ,0.34 
168,Amazon Corporate,Germany,"BEI AMAZON DENKEN WIR DAS...,-",2021-07-07,https://abx.ocucom.com/apps/MediaPlayer/1.3.5/www/?adkey=PTK-1.0-83d%2FFK1M63khRpzplZY%2FySkQMmhMk0mKsK38fVJB-Mq6oRKvZ8%2B0fm3hDIhfWqw%3D%3D,Launch,13886430,DE_this is amazon_2021Q3,,,1,1,1,0,0,0,0,0,1,1,0,0,0,0,0,1,0,1,1,1,1,0,0,0,0,0,0,0,0,1,0,0,2,1,0,0,0,0,0,1,0,1,1,0,1,1,0,1,0,1,0,0,0,0,0,0,0,0,0,0,1,1,0.89 ,0.59 ,0.65 ,0.71 ,0.29 ,0.54 ,0.53 ,0.45 ,0.14 ,0.19 ,0.17 ,0.45 
179,Amazon Corporate,France,Axelle,2021-08-30,https://abx.ocucom.com/apps/MediaPlayer/1.3.5/www/?adkey=PTK-1.0-%2B2R0VEW9Fzwdv%2FHK2LhjtO9GSJLXcS56EW%2FcNSy7-hbq0D%2BrhegpGlDvWRZDt%2FA%3D%3D,Launch,13948141,FR_this is amazon_2021Q3,,,1,1,1,0,0,0,0,0,0,0,0,0,0,0,0,1,1,0,1,1,1,0,0,1,0,1,0,1,0,1,0,1,3,1,4,0,0,0,0,1,0,0,1,0,1,1,0,0,0,0,0,1,0,1,0,1,1,1,0,0,1,1,0.81 ,0.65 ,0.69 ,0.73 ,0.19 ,0.61 ,0.53 ,0.48 ,0.15 ,0.22 ,0.13 ,0.32 
181,Amazon Corporate,United States,IN TWO THOUSAND SIXTEEN I WAS WORKING WITH THE,2021-08-30,https://abx.ocucom.com/apps/MediaPlayer/1.3.5/www/?adkey=PTK-1.0-IYZ5GmeeQdzQfMk7iWIRe0zDuYZIRltHeN5Ux1aM-ojXEl7%2FZis6WdSps0cVqRQ%3D%3D,Launch,13983547,US_this is amazon_2021Q3,,,1,1,1,0,0,1,1,0,1,1,0,0,0,0,0,1,0,1,1,0,1,0,0,0,0,0,0,0,0,1,1,0,3,1,0,0,0,0,0,0,0,0,1,0,0,0,0,0,0,0,0,0,0,1,1,1,0,0,1,1,0,1,0.88 ,0.73 ,0.76 ,0.84 ,0.51 ,0.64 ,0.70 ,0.65 ,0.03 ,0.18 ,0.16 ,0.34 
180,Amazon Corporate,United Kingdom,[Forest] Amazon. Every day better.,2021-08-30,https://abx.ocucom.com/apps/MediaPlayer/1.3.5/www/?adkey=PTK-1.0-BkFo56Hp3WGTGmQZ2Ts0nWJM5LDeJgdLBFz3weRu-fsqwib6Oc2ZjdEg7FIxz6g%3D%3D,Launch,13984438,UK_this is amazon_2021Q3,,,1,1,0,0,0,0,0,0,0,0,0,0,0,0,0,1,1,0,1,0,1,0,0,0,0,1,0,0,0,1,0,0,3,1,0,0,0,0,0,1,0,0,1,0,1,1,0,0,0,0,0,0,1,1,1,1,1,1,0,1,1,1,0.87 ,0.61 ,0.65 ,0.70 ,0.36 ,0.51 ,0.52 ,0.37 ,0.08 ,0.09 ,0.12 ,0.40 
182,Amazon,Germany,September offer,2021-09-06,https://abx.ocucom.com/apps/MediaPlayer/1.3.5/www/?adkey=PTK-1.0-ah3Vt0uav%2BKHU3KAdCLrsTtsb9IfbKteUWFHxc6L-2drjPURmWFEsmRXeQm6Zfg%3D%3D,Launch,14208349,DE EOSS Q3'21,,,1,1,1,0,0,1,1,1,1,1,0,1,0,0,1,1,0,1,1,1,1,0,1,0,1,1,0,1,1,1,0,0,2,1,0,1,0,0,0,0,0,0,0,0,1,1,2,1,0,1,0,1,1,1,0,1,1,1,0,1,1,0,0.83 ,0.57 ,0.62 ,0.69 ,0.23 ,0.54 ,0.52 ,0.43 ,0.13 ,0.13 ,0.10 ,0.41 
185,Amazon Prime,United Kingdom,Amazon Prime Groceries TV 30,2021-09-20,https://abx.ocucom.com/apps/MediaPlayer/1.3.5/www/?adkey=PTK-1.0-mbL4I2wNXnF6yICwwUmN6DXwQ2dtQjBkPERIJTS2-Y9NU6cNztulqTDsvEsxw%2FA%3D%3D,Launch,14377925,UK EP Prime Grocery Q3'21,,,1,1,1,1,0,0,0,0,0,0,0,0,0,0,0,1,1,0,1,1,1,1,0,0,0,0,0,0,0,1,0,0,2,1,4,1,0,0,0,0,0,0,0,0,1,1,0,3,0,0,0,0,0,1,1,0,1,0,1,1,0,1,0.84 ,0.60 ,0.65 ,0.68 ,0.30 ,0.54 ,0.50 ,0.34 ,0.10 ,0.12 ,0.12 ,0.29 
183,Amazon,Japan,People In Different Scenes With Logo,2021-09-16,https://abx.ocucom.com/apps/MediaPlayer/1.3.5/www/?adkey=PTK-1.0-sM26f3gbNVjRXF22%2BYGWCTJyoLf1UJUYxxz%2FKOsx-bE7fM7%2Bs5gYxqFXwHxwV5A%3D%3D,Launch,14518684,JP_seller stories_2021Q3,,,0,0,0,0,0,0,0,0,0,0,0,0,0,0,0,1,1,0,0,1,1,0,1,0,0,0,0,0,0,0,0,0,2,1,1,0,0,0,0,0,0,0,0,0,0,1,2,0,1,0,0,0,0,0,0,0,0,0,0,0,0,1,0.84 ,0.53 ,0.59 ,0.59 ,0.34 ,0.46 ,0.41 ,0.36 ,0.09 ,0.14 ,0.07 ,0.30 
184,Amazon Prime,Japan,"Movie, Posters And Streaming Website",2021-09-18,https://abx.ocucom.com/apps/MediaPlayer/1.3.5/www/?adkey=PTK-1.0-5jXGdM8Sh2ksxnXTZwJJdhjJFbRyqPIn9InBz1rK-uz2oJmhPxjvK8blNgI4tAw%3D%3D,Launch,14573340,JP_seller stories_2021Q3,,,1,1,1,1,1,0,0,1,0,0,0,1,0,0,0,1,0,1,1,0,1,1,1,1,0,0,0,0,1,0,0,0,2,1,1,0,0,0,0,0,0,0,0,0,1,1,1,0,0,0,0,0,0,0,0,0,0,0,1,0,0,1,0.87 ,0.56 ,0.61 ,0.63 ,0.27 ,0.47 ,0.42 ,0.32 ,0.06 ,0.11 ,0.13 ,0.22 
187,Amazon,United States,Maureen the Merrier 15,2021-10-04,https://abx.ocucom.com/apps/MediaPlayer/1.3.5/www/?adkey=PTK-1.0-NOUW9b6X3VfAoLo3%2F3Owa5Mj64%2BYCoZKKQI3Pbs9-MSLYv9TymG7pllhZ5joooQ%3D%3D,Launch,14717422,US_holiday_2021Q4,,,1,1,1,0,0,1,0,1,1,1,0,0,0,0,0,1,0,1,1,0,1,0,0,0,1,0,0,1,1,1,0,0,2,1,0,0,1,0,0,0,0,0,0,0,0,0,1,0,0,0,0,0,1,0,0,0,1,0,0,0,1,1,0.84 ,0.67 ,0.71 ,0.73 ,0.40 ,0.64 ,0.65 ,0.57 ,0.08 ,0.19 ,0.16 ,0.26 
186,Amazon,United States,Bear Hug Betty 15,2021-10-04,https://abx.ocucom.com/apps/MediaPlayer/1.3.5/www/?adkey=PTK-1.0-jVskMRC%2BvGZLbWpXQhvuzk6I38Np2XiC%2BFjtXEIU-qWeaG91k5Anel4AziAPAqg%3D%3D,Launch,14753797,US_holiday_2021Q4,,,1,1,1,0,0,1,0,1,0,1,0,0,0,0,0,1,0,1,1,0,1,0,0,0,1,0,0,0,1,0,0,0,2,1,1,0,1,0,1,0,0,0,0,1,0,1,1,0,0,0,0,0,1,0,0,0,1,0,0,0,0,1,0.83 ,0.67 ,0.70 ,0.74 ,0.41 ,0.70 ,0.65 ,0.61 ,0.05 ,0.18 ,0.19 ,0.21 
178,Amazon,United States,Compilation Low price v3,2021-08-30,https://abx.ocucom.com/apps/MediaPlayer/1.3.5/www/?adkey=PTK-1.0-99WF1ZoPAhvalGH3MIUVNkoMmIYz8MjtzrWCdgCZ-A84GXv%2BSV9BntCILQGhaBw%3D%3D,Launch,14774075,US_slsm q3_2021Q3,,,1,1,1,0,0,1,0,0,1,1,1,1,0,0,0,1,1,0,1,0,1,0,0,0,1,1,0,1,1,1,0,1,4,1,0,0,1,0,1,1,0,0,1,0,1,1,1,1,0,0,0,0,1,0,0,0,1,0,0,0,1,1,0.90 ,0.78 ,0.81 ,0.84 ,0.45 ,0.75 ,0.67 ,0.64 ,0.06 ,0.22 ,0.21 ,0.32 
191,Amazon,United States,Thoughtful Theo 15,2021-11-01,https://abx.ocucom.com/apps/MediaPlayer/1.3.5/www/?adkey=PTK-1.0-w%2BINKY8opnaBGU4aJs3kEOFwAE5%2BctxRWZZJ8C2H-CotgcpntevjE4sztStdTVg%3D%3D,Launch,15114878,US_holiday_2021Q4,,,1,0,1,0,0,0,0,1,1,1,0,0,0,0,0,1,0,1,0,0,1,0,0,0,0,0,0,1,1,1,0,0,2,1,0,0,1,0,1,0,0,0,0,0,0,0,1,1,0,0,0,0,0,0,0,0,0,0,0,0,1,1,0.82 ,0.61 ,0.66 ,0.71 ,0.35 ,0.62 ,0.58 ,0.50 ,0.08 ,0.18 ,0.18 ,0.30 
192,Amazon,United States,Wonderland Will 15,2021-11-01,https://abx.ocucom.com/apps/MediaPlayer/1.3.5/www/?adkey=PTK-1.0-nfYAWoTiNjXt%2FMzspxU6o5Rdo%2FHXLuIFpQpBk%2Btc-crieYcIv6mf6BQrBagVpCw%3D%3D,Launch,15114879,US_holiday_2021Q4,,,1,1,0,0,0,0,1,0,0,1,0,1,0,0,1,1,1,0,0,1,1,1,0,0,0,0,0,0,0,1,0,0,3,1,1,0,0,1,0,1,1,0,0,0,0,1,0,0,0,0,0,0,1,1,0,0,1,0,0,1,1,1,0.88 ,0.71 ,0.75 ,0.76 ,0.40 ,0.70 ,0.68 ,0.59 ,0.03 ,0.17 ,0.15 ,0.30 
193,Amazon,United Kingdom,Hosting Hannah 20,2021-11-08,https://abx.ocucom.com/apps/MediaPlayer/1.3.5/www/?adkey=PTK-1.0-xAwJqA2hf1tQ1IGP9vPZORVEipIGkJUqKCpaSKpI-uQVdI8z7qdHBRE3tdSM6%2Bg%3D%3D,Launch,15189201,UK_q4 bda holiday_2021Q4,,,1,1,1,0,0,0,1,0,1,0,0,0,0,0,0,1,1,0,1,0,1,0,0,0,0,0,0,0,0,1,0,0,2,1,0,0,1,0,0,0,0,0,0,0,0,0,2,1,0,0,1,1,0,1,0,0,1,0,0,1,0,1,0.86 ,0.66 ,0.70 ,0.74 ,0.33 ,0.60 ,0.53 ,0.41 ,0.08 ,0.16 ,0.13 ,0.33 
194,Amazon,Germany,Gloria 20,2021-11-08,https://abx.ocucom.com/apps/MediaPlayer/1.3.5/www/?adkey=PTK-1.0-53hshqRVZ%2BcnwSPRQLT3ILCgzJLODiilRgsUG6cG-EuVdqpdGKH6smnAF5J9lfw%3D%3D,Launch,15189205,DE Holiday 2021,,,1,1,1,0,0,1,1,1,0,0,0,0,0,0,0,1,0,1,1,1,1,0,0,0,0,0,0,0,0,1,0,0,2,1,0,0,1,0,1,0,0,0,0,0,0,1,2,1,0,0,1,0,0,0,0,0,1,0,0,0,1,1,0.84 ,0.62 ,0.66 ,0.71 ,0.27 ,0.58 ,0.55 ,0.43 ,0.10 ,0.14 ,0.14 ,0.28 
199,Amazon Alexa,United States,Prom 30,2021-11-08,https://abx.ocucom.com/apps/MediaPlayer/1.3.5/www/?adkey=PTK-1.0-LalmyiiFnVYxYVLwZ6f%2FRQtBXLEvRL6XV7lM7vhF-mtfwygE%2BCUY%2FX7GtQLd0Jg%3D%3D,Launch,15194852,US_UNLOCK_WORLD_WITH_VOICE_2021Q4,,,1,1,1,0,0,0,0,1,0,1,0,0,0,0,0,1,0,1,0,1,1,1,0,1,0,0,0,0,0,1,0,0,1,1,1,0,0,0,0,0,0,0,0,1,0,0,0,0,0,0,0,0,1,0,1,0,1,0,0,1,1,1,0.87 ,0.75 ,0.80 ,0.81 ,0.43 ,0.66 ,0.73 ,0.67 ,0.04 ,0.21 ,0.20 ,0.30 
200,Amazon Prime,France,Once upon a time,2021-11-08,https://abx.ocucom.com/apps/MediaPlayer/1.3.5/www/?adkey=PTK-1.0-CZw87nW%2BLaXz9W7%2BV3aYRVHB8OLywrdELIy3Jepb-alZXDtsYuhzYWOXYi3aPqg%3D%3D,Launch,15209671,FR EP Prime Changes Everything Q1'22,FR EP Prime Changes Everything Q4'21,,1,1,0,0,0,0,0,0,1,1,0,1,0,0,1,1,1,0,1,1,1,1,0,0,0,0,0,1,0,1,1,0,1,0,1,0,1,0,1,0,0,0,0,0,0,1,1,1,0,0,1,0,1,0,1,1,0,1,1,0,1,1,0.80 ,0.56 ,0.61 ,0.67 ,0.20 ,0.55 ,0.49 ,0.41 ,0.10 ,0.20 ,0.15 ,0.40 
195,Amazon,United Kingdom,Holiday 60,2021-11-08,https://abx.ocucom.com/apps/MediaPlayer/1.3.5/www/?adkey=PTK-1.0-PV8%2BR5Bxlw1kI3QsqJ1Vqv5GpIg8t5fiAsu8AVfy-MdaliAlFlhfPD58iQWCZ1w%3D%3D,Launch,15231799,UK_q4 bda holiday_2021Q4,,,1,1,0,0,0,0,0,1,0,1,0,1,0,0,1,1,1,0,0,1,1,1,0,0,0,0,0,0,0,1,1,0,2,1,1,0,1,0,0,1,1,0,0,0,0,1,0,0,0,0,0,0,0,1,0,0,1,0,0,1,0,1,0.77 ,0.53 ,0.57 ,0.63 ,0.28 ,0.53 ,0.57 ,0.51 ,0.09 ,0.12 ,0.10 ,0.38 
197,Amazon,France,Holiday 60,2021-11-08,https://abx.ocucom.com/apps/MediaPlayer/1.3.5/www/?adkey=PTK-1.0-fs307WVLJjPMSY2ti%2BM4kJ0YB527ZLUafueJVinp-jkjDIlRAxncXcREj7SR67w%3D%3D,Launch,15231799,FR_q4 bda holiday_2021Q4,,,1,1,1,0,0,0,0,1,1,1,0,1,0,0,1,1,1,0,0,1,1,1,0,0,0,0,0,0,0,1,0,0,3,1,0,0,1,0,0,1,1,0,0,0,0,1,0,0,0,0,0,0,1,1,0,0,1,0,0,1,1,0,0.77 ,0.53 ,0.57 ,0.63 ,0.28 ,0.53 ,0.57 ,0.51 ,0.09 ,0.12 ,0.10 ,0.38 
198,Amazon,France,Holiday 30,2021-11-08,https://abx.ocucom.com/apps/MediaPlayer/1.3.5/www/?adkey=PTK-1.0-Mbyj6rUhBHaIN4e87TYfaECQejHswqE9tr5qTJ7e-CGFlePw%2BWdnE8lJ0Yhc%2FrQ%3D%3D,Launch,15231800,FR_q4 bda holiday_2021Q4,,,1,1,0,0,0,0,1,0,0,1,0,1,0,0,1,1,1,0,0,1,1,0,0,0,0,0,0,0,0,1,1,0,3,1,0,0,1,0,0,1,1,0,0,0,0,1,0,0,0,0,0,0,1,1,1,0,1,0,0,1,1,1,0.80 ,0.56 ,0.62 ,0.63 ,0.29 ,0.53 ,0.56 ,0.50 ,0.09 ,0.12 ,0.12 ,0.29 
196,Amazon,United Kingdom,Holiday 30,2021-11-08,https://abx.ocucom.com/apps/MediaPlayer/1.3.5/www/?adkey=PTK-1.0-HQEu1Hyr8Qhm5WF02r79oaWwg0QDkQb2tddMjWgQ-bvxX8wQBTliwBpwb7xZFnQ%3D%3D,Launch,15231800,UK_q4 bda holiday_2021Q4,,,1,0,1,0,0,0,0,0,0,0,0,0,0,0,0,1,0,1,1,1,0,0,0,1,0,1,0,0,0,1,0,0,6,1,0,0,0,0,0,1,0,1,1,0,1,1,1,0,1,0,0,0,0,1,0,1,1,1,1,1,1,1,0.80 ,0.56 ,0.62 ,0.63 ,0.29 ,0.53 ,0.56 ,0.50 ,0.09 ,0.12 ,0.12 ,0.29 
189,Amazon Corporate,France,Charles 30,2021-10-18,https://abx.ocucom.com/apps/MediaPlayer/1.3.5/www/?adkey=PTK-1.0-rfsQ9eJEwY%2FOovaiJz7WUTeXhRHFyk8csSita5SE-bylFEwBwHcaqKq71Nl412g%3D%3D,Launch,15260657,FR_this is amazon_2021Q4,FR_this is amazon_2022Q1,,1,1,1,0,0,0,0,1,1,1,0,0,0,0,0,1,0,1,1,1,1,0,0,0,0,0,0,1,1,1,0,0,2,1,0,0,0,1,1,0,0,0,0,0,0,0,1,0,0,0,0,0,0,1,0,0,0,0,0,0,0,0,0.84 ,0.64 ,0.70 ,0.69 ,0.28 ,0.56 ,0.52 ,0.44 ,0.10 ,0.20 ,0.16 ,0.38 
201,Amazon,United States,Holiday :30,2021-11-15,https://abx.ocucom.com/apps/MediaPlayer/1.3.5/www/?adkey=PTK-1.0-fo51vXhHpQrsn6DRhXVYY4fkolt8LtaEXChFMU7d-bTmLBmagEMBUB2XNH97TyA%3D%3D,Launch,15386457,US_holiday_2021Q4,,,1,1,0,0,0,0,0,1,0,1,0,1,0,0,1,1,1,0,0,1,1,1,0,0,0,0,0,0,0,1,1,0,3,1,0,0,0,0,0,1,1,0,0,0,0,1,0,0,0,0,0,0,0,1,0,0,1,0,0,1,1,1,0.87 ,0.75 ,0.78 ,0.82 ,0.46 ,0.73 ,0.77 ,0.67 ,0.04 ,0.20 ,0.16 ,0.29 
203,Amazon,Germany,Holiday :30,2021-11-15,https://abx.ocucom.com/apps/MediaPlayer/1.3.5/www/?adkey=PTK-1.0-XTNcIMkaDFc6tsUl6In9SdRyEP2UgdXVGWhgFyhb-Cq%2BznMYEP%2BrDOA6rrP9Kng%3D%3D,Launch,15386457,DE Holiday 2021,,,1,1,0,0,0,0,1,1,0,1,0,1,0,0,1,1,1,0,0,1,1,0,0,0,0,0,0,0,0,1,1,0,1,1,0,0,1,0,0,1,1,0,0,0,0,1,0,0,0,0,0,0,1,1,0,0,1,0,0,1,1,0,0.87 ,0.75 ,0.78 ,0.82 ,0.46 ,0.73 ,0.77 ,0.67 ,0.04 ,0.20 ,0.16 ,0.29 
202,Amazon,United States,Holiday :60,2021-11-15,https://abx.ocucom.com/apps/MediaPlayer/1.3.5/www/?adkey=PTK-1.0-LcpKEDphhSk3sUB%2FzBXbMiJdPHa0xfzH%2BL7mV1X4-JfWZzKgznTOw9KmyOwBFTQ%3D%3D,Launch,15386458,US_holiday_2021Q4,,,1,1,0,0,0,0,0,1,1,1,0,1,0,0,1,1,1,0,0,1,1,1,0,1,0,0,0,0,0,1,1,0,2,1,0,0,0,0,0,1,1,0,0,0,0,1,0,0,0,0,0,0,1,1,1,0,1,0,0,1,1,1,0.88 ,0.75 ,0.79 ,0.83 ,0.54 ,0.77 ,0.78 ,0.73 ,0.03 ,0.25 ,0.20 ,0.34 
204,Amazon,Germany,Holiday :60,2021-11-15,https://abx.ocucom.com/apps/MediaPlayer/1.3.5/www/?adkey=PTK-1.0-YB7ueO5%2BijGLmagFnBpGNK%2FMSzyFOGtbc28HQK4F-CsHmx2Bj6lI4olfQzdjxSg%3D%3D,Launch,15386458,DE Holiday 2021,,,1,1,0,0,0,0,0,1,1,1,0,1,0,0,1,1,1,0,0,1,1,1,0,1,0,0,0,0,0,1,1,0,3,1,0,0,1,0,0,1,1,0,0,0,0,1,0,0,0,0,0,0,1,0,0,0,1,1,0,1,1,0,0.88 ,0.75 ,0.79 ,0.83 ,0.54 ,0.77 ,0.78 ,0.73 ,0.03 ,0.25 ,0.20 ,0.34 
205,Amazon Prime,United Kingdom,Amazon Prime. 20 Premier League games and fast delivery for £7.99 a month. (Paul Pogba),2021-11-15,https://abx.ocucom.com/apps/MediaPlayer/1.3.5/www/?adkey=PTK-1.0-%2F%2B1GL5ClzlbIKNrShMznSgOhY2oQ8%2BQqkM%2BqowqN-VtrBoReJNLXObwB8msZeuA%3D%3D,Launch,15437603,DE EP XCM x PV Live Sport Top & Tail,,,1,0,1,0,0,0,0,0,0,1,0,0,0,0,0,1,0,1,1,0,1,1,0,0,0,0,0,0,0,0,0,0,2,1,1,0,0,0,0,1,1,0,0,0,0,1,1,0,0,0,0,0,1,0,0,0,0,0,0,0,1,1,0.88 ,0.62 ,0.68 ,0.73 ,0.28 ,0.53 ,0.46 ,0.37 ,0.08 ,0.11 ,0.13 ,0.33 
206,Amazon,United Kingdom,Bell ringer,2021-11-18,https://abx.ocucom.com/apps/MediaPlayer/1.3.5/www/?adkey=PTK-1.0-cxGHr5qZEc6LtgPeNSHbcvZ0uGHzz5PJwOowRrNn-WNR%2FuKMw07wUX4%2BGMa7Zpg%3D%3D,Launch,15564522,UK_dda low prices this holiday q4_2020Q4,,,1,1,0,0,0,0,0,0,0,1,0,0,0,0,0,0,0,0,0,1,1,0,1,1,0,0,0,1,1,0,0,0,1,1,0,0,0,0,0,0,0,0,0,0,0,0,1,0,0,0,0,1,1,0,0,0,0,0,0,1,0,1,0.79 ,0.46 ,0.51 ,0.55 ,0.18 ,0.50 ,0.44 ,0.32 ,0.24 ,0.09 ,0.07 ,0.28 
207,Amazon,Germany,Bell ringer,2021-11-18,https://abx.ocucom.com/apps/MediaPlayer/1.3.5/www/?adkey=PTK-1.0-8xPSEu52ovJhp2FuGYLiFpWkeWxmh21JGMhCJ%2BVo-OriqZHGaW1h13GmbydEk%2BQ%3D%3D,Launch,15564522,DE Holiday 2021,,,1,1,0,0,0,0,0,0,0,1,0,0,0,0,0,0,0,0,0,0,1,0,0,1,0,0,0,1,1,0,0,0,1,1,0,0,0,0,0,0,0,0,0,0,0,1,1,1,0,0,0,1,0,0,0,0,0,0,0,0,0,0,0.79 ,0.46 ,0.51 ,0.55 ,0.18 ,0.50 ,0.44 ,0.32 ,0.24 ,0.09 ,0.07 ,0.28 
208,Amazon,United Kingdom,Aunt Sophia,2021-11-19,https://abx.ocucom.com/apps/MediaPlayer/1.3.5/www/?adkey=PTK-1.0-e%2BJ64Mi%2F76v6HeDB%2BmjEWOZ4hzWMiVjJD2939xIw-VW2lGrxQCoL5fxTUycZDQQ%3D%3D,Launch,15602507,UK_dda low prices this holiday q4_2020Q4,,,1,1,1,0,0,1,0,1,0,1,0,0,0,0,0,1,1,0,1,1,1,1,1,0,0,0,0,0,1,1,0,0,2,1,1,0,0,1,1,0,0,0,0,0,0,1,1,0,0,0,0,1,1,0,0,0,1,0,0,0,0,1,0.86 ,0.68 ,0.72 ,0.75 ,0.25 ,0.58 ,0.52 ,0.42 ,0.09 ,0.14 ,0.10 ,0.33 
209,Amazon,United Kingdom,Cozy Carlssons,2021-11-19,https://abx.ocucom.com/apps/MediaPlayer/1.3.5/www/?adkey=PTK-1.0-D4JHXuQh7ZKeNubdrT7fA4pSBhK%2BsbGadQz4UJJ1-AiTYPWfSuIF6kdzEd6JSbw%3D%3D,Launch,15602508,UK_dda low prices this holiday q4_2020Q4,,,1,1,1,0,0,1,0,0,0,0,0,1,0,1,1,1,1,0,1,1,1,0,0,0,0,0,0,0,0,1,0,1,2,1,1,0,0,0,0,0,0,0,0,0,0,1,1,0,0,0,0,0,0,0,0,0,1,0,0,0,0,1,0.86 ,0.65 ,0.69 ,0.74 ,0.26 ,0.56 ,0.48 ,0.40 ,0.10 ,0.12 ,0.13 ,0.35 
210,Amazon,Germany,Aunt Sofia,2021-11-19,https://abx.ocucom.com/apps/MediaPlayer/1.3.5/www/?adkey=PTK-1.0-IJtzRjkIyVNaDhG67RKKgkpWEmT4vSbShcFbtjcO-Goh1FVvVDh9rb4M%2FlMmwYQ%3D%3D,Launch,15602509,DE Holiday 2021,,,1,1,1,1,0,1,0,1,1,1,0,0,0,0,0,1,0,1,1,0,1,0,0,0,0,0,0,0,1,1,0,0,2,1,0,0,0,1,0,0,0,0,0,0,0,0,1,1,0,0,0,1,1,0,0,0,1,0,0,0,1,1,0.82 ,0.59 ,0.64 ,0.71 ,0.23 ,0.54 ,0.49 ,0.42 ,0.15 ,0.17 ,0.17 ,0.34 
211,Amazon,Germany,Cozy Gunthers,2021-11-19,https://abx.ocucom.com/apps/MediaPlayer/1.3.5/www/?adkey=PTK-1.0-5jvJOHa7eQyztALQJGJM1kyDF5xegFfx9bzRXyzX-V5hmyAvn4Q%2FCMQnrZfoOwg%3D%3D,Launch,15602510,DE Holiday 2021,,,1,1,1,0,0,1,0,0,0,0,0,1,0,1,1,1,0,1,1,1,1,0,0,0,0,0,0,0,0,1,0,0,1,1,0,0,1,0,0,0,0,0,0,0,0,0,1,1,0,0,0,0,0,0,0,0,1,0,0,0,1,1,0.88 ,0.67 ,0.70 ,0.75 ,0.30 ,0.57 ,0.57 ,0.47 ,0.11 ,0.17 ,0.15 ,0.35 
212,Amazon,Japan,Black Friday,2021-11-20,https://abx.ocucom.com/apps/MediaPlayer/1.3.5/www/?adkey=PTK-1.0-Xk90SXCuRgiKN5IvH2%2BqWi77WIevtZcnfqWN7RTV-V4utiX4uNMiaDws9oek5Gg%3D%3D,Launch,15630059,JP Holiday 2021,,,0,0,0,0,0,0,0,0,0,0,0,0,0,0,0,1,0,1,1,1,1,0,0,0,0,0,1,0,1,0,0,0,2,0,3,1,0,0,0,1,1,0,0,0,1,1,2,0,0,0,0,0,0,0,0,0,0,0,0,0,1,1,0.83 ,0.47 ,0.52 ,0.56 ,0.24 ,0.45 ,0.33 ,0.25 ,0.04 ,0.12 ,0.08 ,0.18 
190,Amazon,Japan,Low price Compilation Q4 15,2021-10-24,https://abx.ocucom.com/apps/MediaPlayer/1.3.5/www/?adkey=PTK-1.0-KjWAM2nTzRbmhMr8RYKuUNwBW%2F5X1Nvh9Xngarqx-pM5UyQqkCF%2FsMcshjom8Hg%3D%3D,Launch,15630060,JP Fundamentals Q4'21,,,1,1,1,0,0,0,1,0,0,0,0,1,1,0,0,0,0,0,0,0,1,0,1,0,0,1,0,0,1,0,0,0,2,1,2,1,1,0,1,0,0,0,0,0,1,1,1,0,0,1,0,1,0,0,0,1,1,0,0,1,0,1,0.79 ,0.39 ,0.46 ,0.49 ,0.18 ,0.44 ,0.30 ,0.22 ,0.05 ,0.12 ,0.06 ,0.22 
213,Amazon,United States,Choirmaster Carl Black Friday 15,2021-11-25,https://abx.ocucom.com/apps/MediaPlayer/1.3.5/www/?adkey=PTK-1.0-q0ZCczA03QzbyHskiABau%2BYFtklxEjphK3pc6Sns-RBVaAiR9ZArZ5AK6CUWEGg%3D%3D,Launch,15706462,US_holiday_2021Q4,,,1,1,1,0,0,0,0,1,0,0,1,1,1,1,1,1,0,1,1,0,0,0,0,0,0,0,0,1,0,1,0,0,2,1,0,0,1,0,1,0,0,0,0,0,0,1,1,1,0,0,1,0,0,0,0,1,0,1,0,0,1,1,0.83 ,0.66 ,0.70 ,0.74 ,0.39 ,0.70 ,0.69 ,0.63 ,0.06 ,0.19 ,0.16 ,0.33 
214,Amazon,United States,Choirmaster Carl Cyber Monday 15,2021-11-27,https://abx.ocucom.com/apps/MediaPlayer/1.3.5/www/?adkey=PTK-1.0-9ulpI6bxN9QWNSeYk77j2GB3U0wNoA6lANVP4RuB-4D%2FmUnH5LVzL4H1%2F9L43gw%3D%3D,Launch,15706463,US_holiday_2021Q4,,,1,1,1,0,0,0,0,0,1,1,1,1,1,1,1,1,0,1,1,1,1,0,1,0,0,1,0,1,1,1,0,1,2,1,0,0,1,0,1,1,0,0,0,0,0,1,1,0,0,0,0,0,1,1,1,1,1,1,0,0,1,1,0.85 ,0.68 ,0.71 ,0.76 ,0.42 ,0.70 ,0.72 ,0.61 ,0.04 ,0.22 ,0.16 ,0.32 
215,Amazon,United States,Handbell Hammerschtein's 15,2021-11-30,https://abx.ocucom.com/apps/MediaPlayer/1.3.5/www/?adkey=PTK-1.0-yAbYVB8u8G9nfnxSua%2FyTQc3rcSYy7aWlRx6Qkew-7pL%2FZhD3U84CtuKD5MsUDg%3D%3D,Launch,15741796,US_holiday_2021Q4,,,1,1,1,0,0,0,1,1,1,1,0,0,0,0,0,1,0,1,1,1,1,1,1,1,0,0,0,1,1,1,0,0,2,1,1,0,0,1,1,0,0,0,0,0,0,1,1,1,0,0,0,1,1,0,0,1,1,0,0,0,1,1,0.88 ,0.68 ,0.71 ,0.77 ,0.47 ,0.69 ,0.68 ,0.59 ,0.07 ,0.21 ,0.17 ,0.29 
216,Amazon,United States,Party Penas 15,2021-11-30,https://abx.ocucom.com/apps/MediaPlayer/1.3.5/www/?adkey=PTK-1.0-MQn3VwWz78iDBAgxDVBdRDZ5L3nduvKrpUkjHvx7-1siO4nJTXmAC5o2qWUojXA%3D%3D,Launch,15741797,US_holiday_2021Q4,,,1,1,1,0,0,0,0,0,1,1,0,0,0,0,0,1,0,1,1,1,1,1,0,1,0,0,0,1,1,1,0,0,2,1,0,0,0,1,0,0,0,0,0,0,0,0,1,0,0,0,1,0,1,0,0,0,0,0,0,1,1,1,0.88 ,0.67 ,0.69 ,0.75 ,0.43 ,0.66 ,0.64 ,0.59 ,0.07 ,0.24 ,0.20 ,0.30 
217,Amazon Prime,United Kingdom,"[End change] Amazon Prime Premier League Football. 20 Premier League games live and exclusive. amazon.co.uk/primeterms. (Paul Pogba, Kevin De Bruyne, Romelu Lukaku) Christmas.",2021-12-02,https://abx.ocucom.com/apps/MediaPlayer/1.3.5/www/?adkey=PTK-1.0-zVuyz9bEUiCgZMFYVol%2BfJ%2ByNtuqMX6SkN%2FqOwHa-xb5YTQEaVCQ9E41Io6DfHw%3D%3D,Launch,15787280,UK EP XCM x PV LiveSport Top & Tail,,,1,1,1,0,1,0,1,0,1,1,0,0,0,0,0,1,0,1,1,1,1,0,0,0,1,0,0,1,1,0,0,1,2,1,0,1,0,0,0,1,1,0,0,0,0,1,0,0,0,0,0,0,0,0,0,0,0,0,0,0,0,1,0.84 ,0.64 ,0.69 ,0.70 ,0.28 ,0.51 ,0.48 ,0.37 ,0.12 ,0.09 ,0.12 ,0.42 
218,Amazon,Germany,Choirmaster Cornelius,2021-12-06,https://abx.ocucom.com/apps/MediaPlayer/1.3.5/www/?adkey=PTK-1.0-8veoL6O6%2BqqOoES23m0mg0AswuCzpTOltwQSRIck-pG3OrpcJGNk5h3d4zogBEw%3D%3D,Launch,15801444,DE Holiday 2021,,,1,1,1,0,0,0,0,1,0,0,1,1,1,0,1,1,0,1,1,1,1,0,1,0,0,0,0,1,0,1,0,0,2,1,0,0,1,0,1,0,0,0,0,0,0,1,1,0,0,1,0,1,1,0,0,0,1,0,0,0,0,1,0.89 ,0.58 ,0.63 ,0.69 ,0.28 ,0.53 ,0.51 ,0.41 ,0.15 ,0.15 ,0.15 ,0.30 
219,Amazon,United Kingdom,Party Pauls,2021-12-07,https://abx.ocucom.com/apps/MediaPlayer/1.3.5/www/?adkey=PTK-1.0-fwVJyTK45W%2FaZubUp5az6XHtcCE2HaKIkEXXyVSD-iJIngfIt4ngto%2F8eJ8Dwtw%3D%3D,Launch,15801451,UK_dda low prices this holiday q4_2020Q4,,,1,1,1,0,0,0,0,0,1,1,0,0,0,0,0,1,1,0,1,1,1,1,0,1,0,0,0,1,1,0,0,0,2,1,0,0,0,0,0,0,0,0,0,0,0,1,1,1,0,0,0,1,0,0,0,0,0,0,0,0,0,1,0.83 ,0.55 ,0.61 ,0.64 ,0.27 ,0.55 ,0.47 ,0.37 ,0.13 ,0.12 ,0.12 ,0.28 
220,Amazon,Japan,Before New Year 15,2021-12-08,https://abx.ocucom.com/apps/MediaPlayer/1.3.5/www/?adkey=PTK-1.0-ceBJDg9uedexZKnL4X%2FaMXKnQBcaZQFQtdqKNPz4-g1KDaN4aukkcNSkiIyLUAA%3D%3D,Launch,15801453,JP Holiday 2021,,,0,0,0,0,0,0,0,0,0,0,0,0,0,0,0,1,0,1,0,0,1,1,0,0,0,0,1,0,0,0,0,0,1,1,0,0,0,0,0,1,0,0,0,0,0,1,0,0,0,0,0,0,0,0,0,1,0,0,0,0,0,1,0.80 ,0.36 ,0.39 ,0.45 ,0.22 ,0.41 ,0.33 ,0.23 ,0.05 ,0.15 ,0.05 ,0.22 
221,Amazon,Japan,Before New Year 30,2021-12-17,https://abx.ocucom.com/apps/MediaPlayer/1.3.5/www/?adkey=PTK-1.0-%2FGhTI4jgsO8sFIOVyFOaAPpSm7VTGmp6e1TdxYr8-2Xd67ZdxxNosBcDUUsFDzw%3D%3D,Launch,15954193,JP Holiday 2021,,,0,0,0,0,0,0,0,0,0,0,0,0,0,0,0,1,0,1,0,0,1,0,0,0,0,0,1,1,0,1,0,1,2,1,0,0,0,0,0,1,0,0,0,0,0,1,0,0,0,0,0,0,0,0,0,1,0,0,0,1,0,1,0.76 ,0.41 ,0.44 ,0.51 ,0.27 ,0.51 ,0.40 ,0.30 ,0.05 ,0.14 ,0.05 ,0.32 
224,Amazon,Japan,Before New Year 60,2021-12-27,https://abx.ocucom.com/apps/MediaPlayer/1.3.5/www/?adkey=PTK-1.0-ZcppjQ2AtwBA11kzWYq7zlFQellDPMlpk3Iv6wgz-PdmaBSZQ5k6JsyTpyLlzDg%3D%3D,Launch,16128892,JP Holiday 2021,,,0,0,0,0,0,0,0,0,0,0,0,0,0,0,0,1,1,1,0,1,1,0,1,0,0,0,1,0,0,1,0,0,1,1,0,0,0,0,0,1,0,0,0,0,0,1,0,0,0,0,0,0,0,0,0,0,0,0,1,1,0,1,0.77 ,0.39 ,0.42 ,0.46 ,0.27 ,0.47 ,0.41 ,0.35 ,0.05 ,0.11 ,0.04 ,0.34 
225,Amazon,Japan,New Years Sale 22,2021-12-27,https://abx.ocucom.com/apps/MediaPlayer/1.3.5/www/?adkey=PTK-1.0-6CGtiRQ8%2FF0Sc5YVcLE5HloMGTVgDbq%2BOIrgWhOQ-%2BEeeOngFVPYXgYQJUz3N%2FQ%3D%3D,Launch,16128893,JP Holiday 2021,,,0,0,0,0,0,0,0,0,0,0,0,0,0,0,0,1,0,1,1,1,1,0,1,0,0,0,1,1,0,1,0,0,1,1,9,0,0,0,0,1,0,0,0,1,0,1,1,0,0,0,0,1,0,1,0,0,0,0,0,0,1,1,0.87 ,0.57 ,0.60 ,0.66 ,0.24 ,0.55 ,0.39 ,0.29 ,0.04 ,0.16 ,0.07 ,0.32 
222,Amazon Prime,United States,Medusa :30,2021-12-25,https://abx.ocucom.com/apps/MediaPlayer/1.3.5/www/?adkey=PTK-1.0-Gd61jHCT7lI%2Bwnw%2FZd4hxqfy1BNsYaLlApdYtg4n-1bta7zeZP35V%2B9B0sTRS4w%3D%3D,Launch,16128895,US EP Prime Changes Everything Q2'22,US EP Prime Changes Everything Q1'22,,1,1,1,0,0,0,0,0,1,1,0,0,0,0,0,1,1,0,1,1,1,1,1,0,0,0,0,1,1,0,1,0,2,0,0,0,1,0,0,0,0,0,0,0,0,1,1,0,1,0,1,0,1,1,1,1,1,1,0,0,1,1,0.87 ,0.61 ,0.65 ,0.70 ,0.32 ,0.62 ,0.64 ,0.53 ,0.11 ,0.16 ,0.18 ,0.43 
223,Amazon Prime,United States,Napoleon :30,2021-12-25,https://abx.ocucom.com/apps/MediaPlayer/1.3.5/www/?adkey=PTK-1.0-CGLzZ6jjarbYkc3Xwx1jTIYria60rlcIQtvvOf51-LM63ePfcDwUNrsyp3TNSHw%3D%3D,Launch,16128896,US EP Prime Changes Everything Q1'22,,,1,0,1,0,0,0,0,0,0,0,0,1,0,0,0,1,1,0,0,1,1,0,0,0,0,1,0,1,1,1,1,0,1,1,1,0,0,0,0,0,0,0,0,0,0,1,0,0,0,0,0,0,0,0,1,1,1,1,0,1,1,1,0.80 ,0.57 ,0.60 ,0.67 ,0.26 ,0.62 ,0.58 ,0.45 ,0.13 ,0.16 ,0.14 ,0.34 
226,Amazon Alexa,United Kingdom,Prom,2022-01-10,https://abx.ocucom.com/apps/MediaPlayer/1.3.5/www/?adkey=PTK-1.0-A3yIbqALhCmrrQjmNq%2BX%2B7Dr7h%2BwUetvlYWFSNZ5-omYA4mo3Sq6HP3k3LSuuzA%3D%3D,Launch,16272715,UK_UNLOCK_WORLD_WITH_VOICE_2022Q1,,,1,1,1,0,0,0,0,1,1,1,0,0,0,0,0,0,0,0,0,1,1,0,0,1,0,1,0,1,1,1,0,0,1,1,2,0,0,0,0,0,0,0,0,1,0,1,1,0,0,0,0,0,1,1,0,0,1,0,0,0,1,1,0.84 ,0.62 ,0.69 ,0.72 ,0.31 ,0.58 ,0.61 ,0.50 ,0.06 ,0.09 ,0.12 ,0.36 
227,Amazon Alexa,Germany,Ode to Togetherness,2022-01-10,https://abx.ocucom.com/apps/MediaPlayer/1.3.5/www/?adkey=PTK-1.0-hag7dZPXldRlwC2ekEGzR7XXbHdVOhRn8mjjMtX9-1Lskzs2IrOvUUbhs56tsCQ%3D%3D,Launch,16272716,DE_ode to german_2022Q1,,,1,1,1,0,0,1,1,1,1,1,0,0,0,0,0,1,1,1,1,1,1,1,0,1,1,0,0,1,1,1,0,0,2,1,1,0,0,0,0,1,0,0,0,1,1,0,0,0,0,0,0,0,0,1,0,1,1,0,0,1,1,1,0.87 ,0.65 ,0.68 ,0.73 ,0.22 ,0.52 ,0.52 ,0.45 ,0.10 ,0.15 ,0.12 ,0.43 
228,Amazon Corporate,United Kingdom,Denise,2022-01-18,https://abx.ocucom.com/apps/MediaPlayer/1.3.5/www/?adkey=PTK-1.0-pGSEAj6ec9ZVHRyIWLSapFBta2OS49r7G6UX%2Bk5g-Qu0cO%2BqjYfYn7vN58tLFhQ%3D%3D,Launch,16395739,UK_this is amazon_2022Q1,,,1,1,0,0,0,0,0,0,0,0,0,0,0,0,0,1,1,0,1,1,1,0,0,0,0,0,0,0,0,1,0,0,2,1,0,0,0,0,0,1,0,0,1,0,1,1,0,0,0,0,0,0,0,1,0,1,1,0,1,1,1,1,0.90 ,0.69 ,0.72 ,0.79 ,0.36 ,0.64 ,0.57 ,0.46 ,0.08 ,0.12 ,0.11 ,0.42 
229,Amazon Corporate,Germany,Denise,2022-01-18,https://abx.ocucom.com/apps/MediaPlayer/1.3.5/www/?adkey=PTK-1.0-qHkj0%2Fp%2BkiDamLucCe0re%2FD5pzVwgmyFYatHqCFb-5XVOzPOC1eYvicTuVkMpgw%3D%3D,Launch,16395739,DE_this is amazon_2022Q1,,,1,1,1,0,0,0,0,0,1,1,0,0,0,0,0,1,1,0,1,0,1,0,0,0,0,0,0,0,0,1,0,0,2,1,0,0,0,0,0,1,0,0,1,0,1,1,0,0,0,0,0,0,0,1,1,0,0,0,1,0,1,0,0.90 ,0.69 ,0.72 ,0.79 ,0.36 ,0.64 ,0.57 ,0.46 ,0.08 ,0.12 ,0.11 ,0.42 
230,Amazon Alexa,United States,BUT WHAT ABOUT THE GOLD PAPA CAN'T YOU SEE THE,2022-02-07,https://abx.ocucom.com/apps/MediaPlayer/1.3.5/www/?adkey=PTK-1.0-xj5CGDUURARrEi7QwUepiKSbT21JEsA6Vi0X51No-Dw%2BB%2F%2Bv3ouecsNpQ%2FsJtfQ%3D%3D,Launch,16680023,US_superbowl_2022Q1,,,1,1,1,1,1,0,0,0,0,0,0,0,0,0,0,0,0,0,0,1,1,1,0,0,0,1,0,1,1,1,0,0,1,1,1,0,0,0,0,0,0,0,0,1,0,1,0,0,0,0,0,0,0,0,0,0,1,0,0,0,0,0,0.68 ,0.49 ,0.53 ,0.54 ,0.27 ,0.51 ,0.52 ,0.45 ,0.15 ,0.14 ,0.13 ,0.34 
231,Amazon Alexa,United States,I LOVE THAT WE GET TO SLEEP IN ORDERING FRESH MINT,2022-02-07,https://abx.ocucom.com/apps/MediaPlayer/1.3.5/www/?adkey=PTK-1.0-6s4G0ef5HGm8tcwzfzjaHK9ehmhqEdJ%2FtxPyLVNn-C7f1dLgmxCntFGwh%2FS8fbQ%3D%3D,Launch,16680024,US_superbowl_2022Q1,,,1,1,1,1,0,0,0,0,0,0,0,0,0,0,0,0,0,0,0,0,0,0,0,0,0,0,0,1,0,1,1,0,1,1,1,0,0,0,0,0,0,0,0,0,0,1,0,0,0,0,1,0,0,0,0,0,1,0,0,1,1,1,0.71 ,0.55 ,0.59 ,0.64 ,0.35 ,0.55 ,0.57 ,0.52 ,0.10 ,0.18 ,0.17 ,0.29 
232,Amazon Prime,Germany,Live football,2022-02-07,https://abx.ocucom.com/apps/MediaPlayer/1.3.5/www/?adkey=PTK-1.0-Jl2JekjmL04JoTiiZJi%2FmKOqD%2BL%2FF32GrtdrfmNc-JYqTow2ooUJBtm5Lyyb%2BmA%3D%3D,Launch,16690227,DE EP PXCM x PV Live Sport Top & Tail,,,1,0,1,0,0,0,0,0,0,0,0,0,0,0,0,1,1,0,0,1,1,1,0,0,0,0,0,0,1,0,0,1,3,1,1,0,0,0,0,1,0,0,0,0,0,1,2,0,1,1,0,0,0,0,0,0,0,1,0,0,1,1,0.89 ,0.64 ,0.67 ,0.75 ,0.18 ,0.55 ,0.42 ,0.33 ,0.20 ,0.13 ,0.10 ,0.39 
233,Amazon Alexa,United States,HEY BABE CHECK THIS OUT ALEXA IT'S GAMEDAY,2022-02-13,https://abx.ocucom.com/apps/MediaPlayer/1.3.5/www/?adkey=PTK-1.0-dZVzCVrWU8p9qHjNwZVBMoCTIYXeQMeYJxYzjfOA-SfSCfLaFRe0O3PNi70XMcA%3D%3D,Launch,16803284,US_superbowl_2022Q1,,,1,1,1,1,0,0,0,0,1,1,0,0,0,0,0,1,0,0,0,1,0,0,0,0,0,1,0,1,1,1,0,0,1,1,1,0,0,0,0,0,0,0,0,1,0,1,0,0,0,0,1,0,0,0,0,0,0,0,0,1,1,1,0.85 ,0.73 ,0.77 ,0.79 ,0.43 ,0.66 ,0.74 ,0.73 ,0.08 ,0.18 ,0.17 ,0.43 
234,Amazon Corporate,Japan,Seller Stories Q1'22,2022-02-13,https://abx.ocucom.com/apps/MediaPlayer/1.3.5/www/?adkey=PTK-1.0-K8wMzY04yGiORubRNg5G7dguKlOP3Dtd6Ll5sKzD-ZrXzIbRQcK7M8kUgwQAHpw%3D%3D,Launch,16893170,JP_seller stories_2022Q1,,,1,1,1,1,1,1,1,0,0,0,0,0,0,0,0,1,0,1,0,1,1,0,0,0,0,0,0,0,0,1,0,0,3,1,1,0,0,1,1,0,0,0,0,0,1,1,0,3,0,0,0,0,0,0,0,0,0,0,1,1,1,1,0.86 ,0.45 ,0.53 ,0.53 ,0.26 ,0.47 ,0.38 ,0.27 ,0.06 ,0.10 ,0.04 ,0.38 
235,Amazon Alexa,United States,Cowboy,2022-02-21,https://abx.ocucom.com/apps/MediaPlayer/1.3.5/www/?adkey=PTK-1.0-usha1HjZ2jrmOAoCDujxE1UK870bueedTOBP9%2FW5-FnpdCVl6nirzBdgjYw6stA%3D%3D,Launch,16940046,US_UNLOCK_WORLD_WITH_VOICE_2021Q1,,,1,1,1,0,0,1,0,1,1,1,0,0,0,0,0,1,1,0,0,0,1,0,0,0,0,1,0,1,0,1,0,0,1,0,1,0,0,0,0,0,0,0,0,1,0,0,0,0,0,0,0,0,0,0,0,0,0,0,0,0,1,1,0.85 ,0.71 ,0.76 ,0.75 ,0.40 ,0.65 ,0.63 ,0.52 ,0.04 ,0.21 ,0.25 ,0.46 
236,Amazon,United States,Save the date :30,2022-02-22,https://abx.ocucom.com/apps/MediaPlayer/1.3.5/www/?adkey=PTK-1.0-L6JrrV86Jryz6Q1BsGqSL%2F0IjLCXpewac5xlXVrw-TNyrUMbPsTOKoEa2pdwUmw%3D%3D,Launch,16940048,US_fundamentals_2022Q1,,,1,1,0,0,0,0,0,0,0,0,0,0,0,0,0,1,1,0,1,0,1,0,0,0,0,0,0,1,0,1,0,0,2,1,0,0,0,1,0,0,0,0,0,0,0,0,3,1,0,1,0,1,0,0,0,0,0,0,0,0,1,1,0.92 ,0.77 ,0.82 ,0.84 ,0.38 ,0.70 ,0.63 ,0.54 ,0.09 ,0.21 ,0.20 ,0.49 
237,Amazon,Germany,Spray mops,2022-03-02,https://abx.ocucom.com/apps/MediaPlayer/1.3.5/www/?adkey=PTK-1.0-xEiOZ%2B6PGMxSb0OwbPXsbx8Eiff6Hut8KV2He7ob-tig%2BxOIQgc3Rx9XdN%2FFA8g%3D%3D,Launch,17081341,DE EML Q1'22,,,1,0,1,0,0,0,0,0,1,1,0,1,0,1,0,1,0,1,1,1,1,0,0,1,0,0,0,1,0,1,0,0,2,1,0,0,1,0,1,0,0,0,0,0,1,1,1,0,0,0,1,1,0,0,0,1,0,0,0,1,0,1,0.84 ,0.48 ,0.53 ,0.62 ,0.12 ,0.48 ,0.44 ,0.36 ,0.17 ,0.09 ,0.13 ,0.40 
238,Amazon,United Kingdom,Spray mops,2022-03-04,https://abx.ocucom.com/apps/MediaPlayer/1.3.5/www/?adkey=PTK-1.0-GIgzzREOPSzPUun31WYqUeegXHR8WuwfOYkKkWjJ-0sXSvwB10C3R7P2iU3q2kg%3D%3D,Launch,17081341,UK_bda enriches my life_2022Q1,,,1,1,1,0,0,0,0,1,1,1,0,0,0,1,1,1,0,1,1,1,1,0,0,1,0,0,0,1,1,1,0,0,2,1,0,0,1,0,1,0,0,0,0,0,1,1,0,0,0,0,0,0,0,0,0,0,0,0,0,0,1,1,0.84 ,0.48 ,0.53 ,0.62 ,0.12 ,0.48 ,0.44 ,0.36 ,0.17 ,0.09 ,0.13 ,0.40 
239,Amazon,United Kingdom,Spring Sale 22,2022-04-01,https://abx.ocucom.com/apps/MediaPlayer/1.3.5/www/?adkey=PTK-1.0-VwQLKocwB1Y6wiW0xXvF3S8wT%2FvN03j8DtyRf52g-s%2BO4c0hQQE1o6eVGkzf0dw%3D%3D,Launch,17648762,UK_spring deals_2022Q1,,,1,1,1,0,0,1,1,0,1,1,0,0,0,0,0,1,1,0,1,1,1,0,1,0,0,0,0,1,1,0,0,0,3,1,1,0,1,0,1,0,0,0,0,0,0,1,1,1,0,0,0,1,0,1,0,1,0,0,0,1,1,1,0.82 ,0.60 ,0.66 ,0.68 ,0.30 ,0.53 ,0.50 ,0.41 ,0.11 ,0.11 ,0.12 ,0.33 
240,Amazon,Germany,Spring Sale 22,2022-04-01,https://abx.ocucom.com/apps/MediaPlayer/1.3.5/www/?adkey=PTK-1.0-Ye0iX%2FqvNHwiApEa0EbaryHCRrq1THV0bvgTISDv-TPrzrZuzvPOy760pC54frQ%3D%3D,Launch,17648762,DE Spring Sale Q1'22,,,1,1,1,0,0,1,1,0,1,1,0,0,0,0,0,1,1,1,1,1,1,0,0,0,0,0,0,1,1,0,0,0,2,1,0,0,1,0,1,0,0,0,0,0,0,1,1,1,0,0,0,1,1,1,0,1,1,0,0,1,0,1,0.82 ,0.60 ,0.66 ,0.68 ,0.30 ,0.53 ,0.50 ,0.41 ,0.11 ,0.11 ,0.12 ,0.33 
241,Amazon Prime,Japan,Stress Free Convenience,2022-04-22,https://abx.ocucom.com/apps/MediaPlayer/1.3.5/www/?adkey=PTK-1.0-1V1FA4ZWJNJvC9zQLKvtKJsD4Xnyz07fVwHfgrya-E5PxqHUsbd59rZ9NIIfDkw%3D%3D,Launch,17888916,JP EP Stress Free Convenience,,,1,1,1,0,0,0,0,0,0,0,0,0,0,0,0,0,0,0,0,1,1,1,0,0,0,1,0,0,0,1,1,0,3,1,1,0,1,0,1,1,0,0,0,0,0,1,1,0,1,0,1,0,0,0,1,0,1,0,0,1,0,1,0.79 ,0.37 ,0.42 ,0.46 ,0.27 ,0.46 ,0.40 ,0.30 ,0.06 ,0.14 ,0.07 ,0.43 
242,Amazon Prime,United Kingdom,Prime Groceries Spring,2022-05-02,https://abx.ocucom.com/apps/MediaPlayer/1.3.5/www/?adkey=PTK-1.0-3bcSLhbgTPqXFzixog5fdJLxGfC3SG5COiyhr0h7-vqmfAMH6KIsaj1idnbI6ZQ%3D%3D,Launch,18084930,UK EP Prime Grocery Q2'22,,,0,0,0,0,0,0,0,0,0,0,0,0,0,0,0,1,1,0,0,1,1,0,0,0,0,1,0,0,0,0,0,0,2,0,1,0,0,0,0,0,0,0,0,0,0,1,1,0,1,1,0,0,0,0,0,0,0,0,0,0,1,1,0.84 ,0.59 ,0.64 ,0.67 ,0.24 ,0.48 ,0.46 ,0.34 ,0.10 ,0.09 ,0.09 ,0.35 
243,Amazon Prime,Japan,Stress Free Convenience 2,2022-06-04,https://abx.ocucom.com/apps/MediaPlayer/1.3.5/www/?adkey=PTK-1.0-V9XsrUhBpGD665sxixpNp99J%2Fs4i3XbHlXdURWp5-XT%2ByF96xsUXzHuSGIzbK%2FQ%3D%3D,Launch,19038683,JP EP Benefits of Shopping Q2 2022,,,1,0,1,0,1,0,0,0,0,0,0,1,1,0,0,0,0,0,0,1,1,0,1,0,0,0,0,0,0,1,1,0,2,1,0,0,1,0,0,1,0,0,0,0,1,1,1,0,1,0,1,0,0,0,1,0,1,1,0,1,1,1,0.75 ,0.38 ,0.44 ,0.46 ,0.22 ,0.52 ,0.46 ,0.29 ,0.08 ,0.12 ,0.06 ,0.46 
244,Amazon Prime,United Kingdom,MV Support Q3'22 The Boys,2022-08-01,https://abx.ocucom.com/apps/MediaPlayer/1.3.5/www/?adkey=PTK-1.0-jyyZ6t0ScVaRggUJpG%2FpnaNQ8AUPo%2BFPnBTpkLh6-EI60ND2duA5w2xO0%2Fo9OMg%3D%3D,Launch,20017426,UK EP Membership Value Support Q3'22,,,1,0,1,0,1,0,0,0,0,0,0,0,0,0,0,1,1,0,1,1,1,0,0,0,0,0,0,0,0,0,0,1,2,1,1,0,0,0,0,1,0,0,0,0,0,1,2,0,0,0,0,0,0,0,0,0,0,0,0,0,0,1,0.91 ,0.66 ,0.69 ,0.73 ,0.26 ,0.62 ,0.50 ,0.37 ,0.11 ,0.10 ,0.12 ,0.38 
,,,,,,,,,,,,,,,,,,,,,,,,,,,,,,,,,,,,,,,,,,,,,,,,,,,,,,,,,,,,,,,,,,,,,,,,,,,,,,,,,,,,
,,,,,,,,,,,,,,,,,,,,,,,,,,,,,,,,,,,,,,,,,,,,,,,,,,,,,,,,,,,,,,,,,,,,,,,,,,,,,,,,,,,,
,,,,,,,,,,,,,,,,,,,,,,,,,,,,,,,,,,,,,,,,,,,,,,,,,,,,,,,,,,,,,,,,,,,,,,,,,,,,,,,,,,,,
,,,,,,,,,,,,,,,,,,,,,,,,,,,,,,,,,,,,,,,,,,,,,,,,,,,,,,,,,,,,,,,,,,,,,,,,,,,,,,,,,,,,
,,,,,,,,,,,,,,,,,,,,,,,,,,,,,,,,,,,,,,,,,,,,,,,,,,,,,,,,,,,,,,,,,,,,,,,,,,,,,,,,,,,,
,,,,,,,,,,,,,,,,,,,,,,,,,,,,,,,,,,,,,,,,,,,,,,,,,,,,,,,,,,,,,,,,,,,,,,,,,,,,,,,,,,,,
,,,,,,,,,,,,,,,,,,,,,,,,,,,,,,,,,,,,,,,,,,,,,,,,,,,,,,,,,,,,,,,,,,,,,,,,,,,,,,,,,,,,
,,,,,,,,,,,,,,,,,,,,,,,,,,,,,,,,,,,,,,,,,,,,,,,,,,,,,,,,,,,,,,,,,,,,,,,,,,,,,,,,,,,,
,,,,,,,,,,,,,,,,,,,,,,,,,,,,,,,,,,,,,,,,,,,,,,,,,,,,,,,,,,,,,,,,,,,,,,,,,,,,,,,,,,,,
,,,,,,,,,,,,,,,,,,,,,,,,,,,,,,,,,,,,,,,,,,,,,,,,,,,,,,,,,,,,,,,,,,,,,,,,,,,,,,,,,,,,
,,,,,,,,,,,,,,,,,,,,,,,,,,,,,,,,,,,,,,,,,,,,,,,,,,,,,,,,,,,,,,,,,,,,,,,,,,,,,,,,,,,,
,,,,,,,,,,,,,,,,,,,,,,,,,,,,,,,,,,,,,,,,,,,,,,,,,,,,,,,,,,,,,,,,,,,,,,,,,,,,,,,,,,,,
,,,,,,,,,,,,,,,,,,,,,,,,,,,,,,,,,,,,,,,,,,,,,,,,,,,,,,,,,,,,,,,,,,,,,,,,,,,,,,,,,,,,
,,,,,,,,,,,,,,,,,,,,,,,,,,,,,,,,,,,,,,,,,,,,,,,,,,,,,,,,,,,,,,,,,,,,,,,,,,,,,,,,,,,,
,,,,,,,,,,,,,,,,,,,,,,,,,,,,,,,,,,,,,,,,,,,,,,,,,,,,,,,,,,,,,,,,,,,,,,,,,,,,,,,,,,,,
,,,,,,,,,,,,,,,,,,,,,,,,,,,,,,,,,,,,,,,,,,,,,,,,,,,,,,,,,,,,,,,,,,,,,,,,,,,,,,,,,,,,
,,,,,,,,,,,,,,,,,,,,,,,,,,,,,,,,,,,,,,,,,,,,,,,,,,,,,,,,,,,,,,,,,,,,,,,,,,,,,,,,,,,,
,,,,,,,,,,,,,,,,,,,,,,,,,,,,,,,,,,,,,,,,,,,,,,,,,,,,,,,,,,,,,,,,,,,,,,,,,,,,,,,,,,,,
,,,,,,,,,,,,,,,,,,,,,,,,,,,,,,,,,,,,,,,,,,,,,,,,,,,,,,,,,,,,,,,,,,,,,,,,,,,,,,,,,,,,
,,,,,,,,,,,,,,,,,,,,,,,,,,,,,,,,,,,,,,,,,,,,,,,,,,,,,,,,,,,,,,,,,,,,,,,,,,,,,,,,,,,,
,,,,,,,,,,,,,,,,,,,,,,,,,,,,,,,,,,,,,,,,,,,,,,,,,,,,,,,,,,,,,,,,,,,,,,,,,,,,,,,,,,,,
,,,,,,,,,,,,,,,,,,,,,,,,,,,,,,,,,,,,,,,,,,,,,,,,,,,,,,,,,,,,,,,,,,,,,,,,,,,,,,,,,,,,
,,,,,,,,,,,,,,,,,,,,,,,,,,,,,,,,,,,,,,,,,,,,,,,,,,,,,,,,,,,,,,,,,,,,,,,,,,,,,,,,,,,,
,,,,,,,,,,,,,,,,,,,,,,,,,,,,,,,,,,,,,,,,,,,,,,,,,,,,,,,,,,,,,,,,,,,,,,,,,,,,,,,,,,,,
,,,,,,,,,,,,,,,,,,,,,,,,,,,,,,,,,,,,,,,,,,,,,,,,,,,,,,,,,,,,,,,,,,,,,,,,,,,,,,,,,,,,
,,,,,,,,,,,,,,,,,,,,,,,,,,,,,,,,,,,,,,,,,,,,,,,,,,,,,,,,,,,,,,,,,,,,,,,,,,,,,,,,,,,,
,,,,,,,,,,,,,,,,,,,,,,,,,,,,,,,,,,,,,,,,,,,,,,,,,,,,,,,,,,,,,,,,,,,,,,,,,,,,,,,,,,,,
